crime_type,betweenness,current_flow_betweenness,constraint,eigenvector,degree,community_id,force,n_rows_used
Anti-social behaviour,0.0,0.05595178333942383,0.6843577192953778,0.07785622186398906,3,0,Avon and Somerset Constabulary,1342905
Bicycle theft,0.0,0.07128603966567419,0.6325961586187497,0.30936924823379897,4,0,Avon and Somerset Constabulary,1342905
Burglary,0.0,0.04362905512808387,0.6853116861364894,0.09968561240698802,3,0,Avon and Somerset Constabulary,1342905
Criminal damage and arson,0.0,0.05101358234185277,0.6844376187275021,0.08539081697419448,3,0,Avon and Somerset Constabulary,1342905
Drugs,0.0,0.07756803282247508,0.6219769102997513,0.27023974426912717,4,1,Avon and Somerset Constabulary,1342905
Other theft,0.0,0.045750048078150495,0.6849588210491864,0.0951467306375897,3,0,Avon and Somerset Constabulary,1342905
Possession of weapons,0.0,0.2996838105521828,0.5085348322248111,0.5051637102996073,11,0,Avon and Somerset Constabulary,1342905
Public order,0.0,0.050396038436166884,0.6844437915837684,0.08643644398515204,3,0,Avon and Somerset Constabulary,1342905
Robbery,0.0,0.30142900287504576,0.5137274110168133,0.4343460137467778,11,0,Avon and Somerset Constabulary,1342905
Shoplifting,0.0,0.025688467236124547,0.6865385042776841,0.16832435159499176,3,0,Avon and Somerset Constabulary,1342905
Theft from the person,0.6818181818181819,0.3843123291723487,0.4510908869963764,0.5534234338186376,12,0,Avon and Somerset Constabulary,1342905
Vehicle crime,0.0,0.043503804089318865,0.6849288239193954,0.10006882501302976,3,0,Avon and Somerset Constabulary,1342905
Violence and sexual offences,0.0,0.15099722949421618,0.6162394879476921,0.054547203384066656,3,1,Avon and Somerset Constabulary,1342905
Anti-social behaviour,0.0,0.0791992322966808,0.5941791292169395,0.07887121928684612,3,1,Bedfordshire Police,521126
Bicycle theft,0.03787878787878788,0.23596890791881617,0.4927014590348198,0.37564639492006013,8,1,Bedfordshire Police,521126
Burglary,0.0,0.06989198807556651,0.654431988178472,0.10453096242202721,3,1,Bedfordshire Police,521126
Criminal damage and arson,0.0,0.06289018202778851,0.6725611677617722,0.10183656636042447,3,0,Bedfordshire Police,521126
Drugs,0.0,0.029743633058430675,0.6751069506176222,0.21585701849673272,3,0,Bedfordshire Police,521126
Other theft,0.0,0.06777273100465403,0.6498995122539292,0.10877869704595046,3,1,Bedfordshire Police,521126
Possession of weapons,0.1893939393939394,0.3334109058040173,0.45179954922984833,0.48279871979036404,11,0,Bedfordshire Police,521126
Public order,0.0,0.056636829956216286,0.672730718946843,0.11308054139684293,3,0,Bedfordshire Police,521126
Robbery,0.030303030303030304,0.3078339669661685,0.466259813188049,0.4327473079880899,10,0,Bedfordshire Police,521126
Shoplifting,0.0,0.035771252208816724,0.6601351838866594,0.20757167032238055,3,1,Bedfordshire Police,521126
Theft from the person,0.42424242424242425,0.2811212669246309,0.43210615072584757,0.5306189271855877,10,0,Bedfordshire Police,521126
Vehicle crime,0.0,0.0657342322747873,0.6725100442914214,0.09741113358186972,3,0,Bedfordshire Police,521126
Violence and sexual offences,0.0,0.08302024788994164,0.5941791292169399,0.0752411631690415,3,1,Bedfordshire Police,521126
Bicycle theft,0.0,0.13000870837956902,0.627023918892578,0.06862111971061279,4,1,British Transport Police,221634
Burglary,0.4909090909090909,0.2963729760438143,0.5258189704834175,0.5687409393868263,10,0,British Transport Police,221634
Criminal damage and arson,0.0,0.10603281036478775,0.6599558245784495,0.09399891466071449,4,1,British Transport Police,221634
Drugs,0.0,0.015334434586507068,0.8061633431934137,0.28565108298942704,3,0,British Transport Police,221634
Other theft,0.0,0.05464879657022269,0.8031277714630126,0.07978151646325153,3,0,British Transport Police,221634
Possession of weapons,0.2545454545454545,0.37617040308848676,0.5554692487320452,0.5364180054750057,11,0,British Transport Police,221634
Public order,0.0,0.07848711378708044,0.8031432528145168,0.055595745742799144,3,0,British Transport Police,221634
Robbery,0.0,0.06037753528722187,0.7494906269359249,0.2690062041821251,4,0,British Transport Police,221634
Shoplifting,0.0,0.2787904167379172,0.6337067822997866,0.4470809076106877,9,0,British Transport Police,221634
Theft from the person,0.0,0.08520064773903771,0.797842923392488,0.09218683374703442,3,0,British Transport Police,221634
Vehicle crime,0.0,0.11054456478813286,0.5036020513816292,0.022709242735661994,3,1,British Transport Police,221634
Violence and sexual offences,0.0,0.08069034610663947,0.803588337288348,0.054152533205454496,3,0,British Transport Police,221634
Anti-social behaviour,0.0,0.08443572009080799,0.6423411443987996,0.0851611896988131,3,2,Cambridgeshire Constabulary,678429
Bicycle theft,0.0,0.020976674236655973,0.6343770926112249,0.27646465883108795,3,0,Cambridgeshire Constabulary,678429
Burglary,0.0,0.04531591517338048,0.6304981194355437,0.12790200827832818,3,0,Cambridgeshire Constabulary,678429
Criminal damage and arson,0.0,0.050045499932591546,0.6304832533155595,0.11578290156779278,3,0,Cambridgeshire Constabulary,678429
Drugs,0.0,0.06265842275290585,0.5750130699668067,0.2401144337902471,4,2,Cambridgeshire Constabulary,678429
Other theft,0.0,0.04517877068805037,0.630679586689014,0.12823695005712377,3,0,Cambridgeshire Constabulary,678429
Possession of weapons,0.09090909090909091,0.3309357118089756,0.4506436585725875,0.4699334466173022,11,0,Cambridgeshire Constabulary,678429
Public order,0.0,0.043654820462985994,0.6304766441512782,0.1326587391877875,3,0,Cambridgeshire Constabulary,678429
Robbery,0.3484848484848485,0.36428264989051673,0.42879123496775373,0.4955964098794687,12,0,Cambridgeshire Constabulary,678429
Shoplifting,0.0,0.06428743924861677,0.5793522346330771,0.23221923437412825,4,1,Cambridgeshire Constabulary,678429
Theft from the person,0.24242424242424243,0.3167804697109314,0.4357285585868859,0.5015799248731457,11,0,Cambridgeshire Constabulary,678429
Vehicle crime,0.0,0.04590816604907426,0.6305399861894976,0.12622321195689107,3,0,Cambridgeshire Constabulary,678429
Violence and sexual offences,0.0,0.08635696058020657,0.6614051861722094,0.08341776544203383,3,1,Cambridgeshire Constabulary,678429
Anti-social behaviour,0.0,0.06780573996007169,0.7555324960157594,0.06071219852035169,3,0,Cheshire Constabulary,806044
Bicycle theft,0.0,0.04260263496861469,0.7206389300049909,0.3261650044025737,4,0,Cheshire Constabulary,806044
Burglary,0.0,0.04444960824630011,0.7565246889341584,0.09274919255385343,3,0,Cheshire Constabulary,806044
Criminal damage and arson,0.0,0.056389445627315925,0.7555076732202387,0.07300772887335785,3,0,Cheshire Constabulary,806044
Drugs,0.0,0.024023050486295314,0.7575637353079709,0.1712136131590553,3,0,Cheshire Constabulary,806044
Other theft,0.0,0.050234768824227574,0.7562988726340621,0.081957611708764,3,0,Cheshire Constabulary,806044
Possession of weapons,0.015151515151515152,0.3298297673563345,0.5573667332270362,0.4786420476450034,11,0,Cheshire Constabulary,806044
Public order,0.0,0.11791534850591218,0.7684400821329266,0.058728206787897946,3,0,Cheshire Constabulary,806044
Robbery,0.12121212121212122,0.3749223127445564,0.533542041863968,0.5082520854189915,12,0,Cheshire Constabulary,806044
Shoplifting,0.0,0.061781711434814854,0.6841061670002055,0.15602821172431847,4,1,Cheshire Constabulary,806044
Theft from the person,0.5606060606060607,0.31545226219467276,0.5018655700998549,0.5587788053427729,11,0,Cheshire Constabulary,806044
Vehicle crime,0.0,0.03965849719816948,0.756029509771691,0.10394308945067024,3,0,Cheshire Constabulary,806044
Violence and sexual offences,0.0,0.09708328302483928,0.6241085897404823,0.04143199045979974,3,1,Cheshire Constabulary,806044
Anti-social behaviour,0.0,0.06011610228702532,0.5828386926548407,0.13824659708156947,3,1,City of London Police,65248
Bicycle theft,0.0,0.028265876200040674,0.5336850439992604,0.21639071008098593,3,0,City of London Police,65248
Burglary,0.0,0.10926262883813628,0.46495032252943475,0.2800764698009502,5,1,City of London Police,65248
Criminal damage and arson,0.0,0.027912552747540106,0.5336850439992604,0.21912983299340347,3,0,City of London Police,65248
Drugs,0.0,0.04122511120233249,0.5342228092260577,0.14844258028600557,3,0,City of London Police,65248
Other theft,0.0,0.050835483629041084,0.5337956990456869,0.12027007109524507,3,0,City of London Police,65248
Possession of weapons,0.6287878787878788,0.34820591436437376,0.3735410647015035,0.48292366553617627,12,0,City of London Police,65248
Public order,0.0,0.028798795567909888,0.533838494472498,0.21253620448465815,3,0,City of London Police,65248
Robbery,0.045454545454545456,0.3209695863354494,0.39722666240241505,0.4565082680888746,11,0,City of London Police,65248
Shoplifting,0.0,0.024618022299921244,0.5345290881750818,0.2489405857881267,3,0,City of London Police,65248
Theft from the person,0.0,0.0810697950144507,0.6006434369685614,0.10182829270918708,3,1,City of London Police,65248
Vehicle crime,0.007575757575757576,0.3203320985471504,0.3927047902595712,0.442540276407985,11,0,City of London Police,65248
Violence and sexual offences,0.0,0.04809621769545678,0.5336370653753333,0.12701622031026866,3,0,City of London Police,65248
Anti-social behaviour,0.0,0.08373653004105033,0.5986205728522616,0.08931385671111128,3,0,Cleveland Police,755140
Bicycle theft,0.015151515151515152,0.19224089667542468,0.5125584972916073,0.39686502211448266,7,1,Cleveland Police,755140
Burglary,0.0,0.05128921955470156,0.6507624269068663,0.11642118865561203,3,0,Cleveland Police,755140
Criminal damage and arson,0.0,0.05605008214601196,0.6506745989274941,0.10651452745781849,3,0,Cleveland Police,755140
Drugs,0.0,0.03094064373877741,0.651220285199257,0.19315427326806964,3,0,Cleveland Police,755140
Other theft,0.0,0.049935381218241266,0.6508383934224908,0.11953141892701068,3,0,Cleveland Police,755140
Possession of weapons,0.07575757575757576,0.29831598376437096,0.46654368054920814,0.45033073552881075,10,0,Cleveland Police,755140
Public order,0.0,0.0514098902611964,0.6506641812882131,0.11610871574182423,3,0,Cleveland Police,755140
Robbery,0.045454545454545456,0.3306436982836087,0.4472626000610786,0.45914238268892915,11,0,Cleveland Police,755140
Shoplifting,0.0,0.04657426002827519,0.6616713042276318,0.16942992950404948,3,1,Cleveland Police,755140
Theft from the person,0.5454545454545454,0.3179974632557654,0.42396112113726186,0.529768100849271,11,1,Cleveland Police,755140
Vehicle crime,0.0,0.068685408771197,0.6614994805198124,0.1131518120339155,3,1,Cleveland Police,755140
Violence and sexual offences,0.0,0.08583076060770445,0.6796692895271323,0.09365260824631637,3,1,Cleveland Police,755140
Anti-social behaviour,0.0,0.07900822558592092,0.7832826704073961,0.052202139439269477,3,0,Cumbria Constabulary,359261
Bicycle theft,0.12121212121212122,0.3559522585015977,0.5732221343058724,0.4646388234783999,11,0,Cumbria Constabulary,359261
Burglary,0.0,0.04897441002540272,0.784294205372589,0.08458776898902745,3,0,Cumbria Constabulary,359261
Criminal damage and arson,0.0,0.11132494148870127,0.7937769017769513,0.04988745341516129,3,0,Cumbria Constabulary,359261
Drugs,0.0,0.03362612311059153,0.7840642850374381,0.12332911300635266,3,0,Cumbria Constabulary,359261
Other theft,0.0,0.0656145064557963,0.7835936504019716,0.06303895488994089,3,0,Cumbria Constabulary,359261
Possession of weapons,0.015151515151515152,0.16844397871475966,0.681080197588346,0.35929991579712783,6,0,Cumbria Constabulary,359261
Public order,0.0,0.09181635698803785,0.7298171614635918,0.05242663972869297,3,0,Cumbria Constabulary,359261
Robbery,0.0,0.27867041206166304,0.5758842927977597,0.5212703530273809,10,0,Cumbria Constabulary,359261
Shoplifting,0.0,0.08115642406968676,0.6829034199907974,0.14437366782101968,4,1,Cumbria Constabulary,359261
Theft from the person,0.5606060606060607,0.30361469070140545,0.5184387180630983,0.5594985520760918,11,0,Cumbria Constabulary,359261
Vehicle crime,0.0,0.034661775858183294,0.784017697416,0.11965094878644185,3,0,Cumbria Constabulary,359261
Violence and sexual offences,0.0,0.14650471160288925,0.5228928430754798,0.02813136086366919,3,1,Cumbria Constabulary,359261
Anti-social behaviour,0.0,0.05629858624992054,0.6871455324800446,0.07225530223142308,3,0,Derbyshire Constabulary,878734
Bicycle theft,0.06565656565656565,0.32476049166351467,0.5024278924391601,0.4639829499884412,11,0,Derbyshire Constabulary,878734
Burglary,0.0,0.04166787306154327,0.6871559457161216,0.09770792491571761,3,0,Derbyshire Constabulary,878734
Criminal damage and arson,0.0,0.10694460038696293,0.6934943068187381,0.0791344575837749,3,0,Derbyshire Constabulary,878734
Drugs,0.0,0.05075844486581271,0.7034269346004896,0.1790185462784296,3,0,Derbyshire Constabulary,878734
Other theft,0.0,0.04323762020471077,0.687162725145201,0.09414106025491106,3,0,Derbyshire Constabulary,878734
Possession of weapons,0.0,0.0920353300058952,0.5973894974674796,0.40339165029469704,5,0,Derbyshire Constabulary,878734
Public order,0.0,0.04558637862383256,0.68713056239833,0.08928084333984931,3,0,Derbyshire Constabulary,878734
Robbery,0.00505050505050505,0.3144994392919862,0.49461215357374544,0.49402350986796917,11,0,Derbyshire Constabulary,878734
Shoplifting,0.0,0.024139038339619053,0.6878011059866211,0.16927514278123773,3,0,Derbyshire Constabulary,878734
Theft from the person,0.611111111111111,0.3519255592430217,0.46614412451553794,0.515310154717012,12,0,Derbyshire Constabulary,878734
Vehicle crime,0.0,0.04300181673292333,0.6871384181073367,0.09451598095360857,3,0,Derbyshire Constabulary,878734
Violence and sexual offences,0.0,0.05815582996655102,0.6871455324800447,0.06994778282812798,3,0,Derbyshire Constabulary,878734
Anti-social behaviour,0.0,0.09298125636762139,0.7528812333002428,0.04478556580489131,3,1,Devon & Cornwall Police,1029018
Bicycle theft,0.0,0.2659278673471908,0.5905536221383355,0.4698498161272692,9,0,Devon & Cornwall Police,1029018
Burglary,0.0,0.04678476970647397,0.7664607736012017,0.10160687068054672,3,0,Devon & Cornwall Police,1029018
Criminal damage and arson,0.0,0.08079160591357261,0.7528794368587229,0.05157747489899467,3,1,Devon & Cornwall Police,1029018
Drugs,0.0,0.03487050544304359,0.7664663616063532,0.13630978036428415,3,0,Devon & Cornwall Police,1029018
Other theft,0.0,0.07060733924869252,0.7660251339686736,0.06660236001018449,3,0,Devon & Cornwall Police,1029018
Possession of weapons,0.0,0.18927762260369954,0.6483228792607707,0.3709371527542728,7,1,Devon & Cornwall Police,1029018
Public order,0.0,0.05612072867677034,0.7527184997938052,0.07462489649680512,3,1,Devon & Cornwall Police,1029018
Robbery,0.5303030303030303,0.3527108217208775,0.5136061679253262,0.5368835146950435,12,0,Devon & Cornwall Police,1029018
Shoplifting,0.0,0.032401349066147035,0.7672359263492314,0.14752311597255394,3,0,Devon & Cornwall Police,1029018
Theft from the person,0.15151515151515152,0.325951000790008,0.5319931001265945,0.5252559654063441,11,0,Devon & Cornwall Police,1029018
Vehicle crime,0.0,0.046605614594710486,0.7667956372047706,0.10245195332848996,3,0,Devon & Cornwall Police,1029018
Violence and sexual offences,0.0,0.12003926091081359,0.7093970238593396,0.04092095072744327,3,1,Devon & Cornwall Police,1029018
Anti-social behaviour,0.0,0.06845800367054347,0.7592452531153099,0.06338610398278156,3,0,Dorset Police,535072
Bicycle theft,0.015151515151515152,0.1276762314742156,0.6327204110062296,0.2766196922725035,5,1,Dorset Police,535072
Burglary,0.0,0.04779276470865205,0.7592350086244621,0.09074885635241194,3,0,Dorset Police,535072
Criminal damage and arson,0.0,0.060108469398016694,0.7592196909585988,0.07223269703852442,3,0,Dorset Police,535072
Drugs,0.0,0.07070846845199985,0.6761054182323543,0.23677625127963836,4,0,Dorset Police,535072
Other theft,0.0,0.05436179505253618,0.7591773760382563,0.07990811856521583,3,0,Dorset Police,535072
Possession of weapons,0.19696969696969696,0.35469489384660774,0.5194972852970556,0.5250079778763344,11,0,Dorset Police,535072
Public order,0.0,0.044780671236779195,0.7593435338709975,0.0967713051837887,3,0,Dorset Police,535072
Robbery,0.06060606060606061,0.31038551644176865,0.5309756085920783,0.504705827638397,11,0,Dorset Police,535072
Shoplifting,0.0,0.028488304935099913,0.7606586604476822,0.15187038138989725,3,0,Dorset Police,535072
Theft from the person,0.4090909090909091,0.30164837975139075,0.5166575299048916,0.5232396459349125,11,0,Dorset Police,535072
Vehicle crime,0.0,0.09242659618221379,0.6898418300329361,0.07250240864772133,3,1,Dorset Police,535072
Violence and sexual offences,0.0,0.15313311873608132,0.5510425134234329,0.04166000193580185,3,1,Dorset Police,535072
Anti-social behaviour,0.0,0.09028518973822632,0.6611091055280034,0.06533989841834871,3,0,Durham Constabulary,640527
Bicycle theft,0.06818181818181818,0.25107776523862796,0.553399989538474,0.4203187203724324,8,0,Durham Constabulary,640527
Burglary,0.0,0.07741411205078587,0.7474957228081976,0.0889421622434226,3,0,Durham Constabulary,640527
Criminal damage and arson,0.0,0.1016502575012038,0.6556819664164426,0.0577889225411448,3,1,Durham Constabulary,640527
Drugs,0.0,0.13144741858185816,0.5646274331246066,0.17960888361920643,5,1,Durham Constabulary,640527
Other theft,0.0,0.07698916357029498,0.7207675920837371,0.08588480011346436,3,0,Durham Constabulary,640527
Possession of weapons,0.12878787878787878,0.3219622592969995,0.5061725275233178,0.4473169394870682,10,0,Durham Constabulary,640527
Public order,0.0,0.0848465553230218,0.7474513594964156,0.0811175256293798,3,0,Durham Constabulary,640527
Robbery,0.19696969696969696,0.28480208105655086,0.5017566815307584,0.5028462232014926,10,0,Durham Constabulary,640527
Shoplifting,0.0,0.046994611720030215,0.7240661524715042,0.1415986955220557,3,0,Durham Constabulary,640527
Theft from the person,0.2878787878787879,0.26013721112660315,0.49495205228401296,0.5283849783982737,9,0,Durham Constabulary,640527
Vehicle crime,0.0,0.07041894313874111,0.6612844661589738,0.08419103786160927,3,0,Durham Constabulary,640527
Violence and sexual offences,0.0,0.11650087924122533,0.5231265408557875,0.04817909183109512,3,1,Durham Constabulary,640527
Anti-social behaviour,0.0,0.07172777333492783,0.7897931124926337,0.04729863331180832,3,0,Dyfed-Powys Police,344045
Bicycle theft,0.06818181818181818,0.3128757327886307,0.5938661211023566,0.39756573915882476,11,0,Dyfed-Powys Police,344045
Burglary,0.0,0.0396168125449204,0.7916355984357061,0.08596859950355987,3,0,Dyfed-Powys Police,344045
Criminal damage and arson,0.0,0.11915477623354458,0.6952985099132044,0.044249692172391636,3,0,Dyfed-Powys Police,344045
Drugs,0.0,0.03815565933228801,0.7911538130286285,0.08910602637699842,3,0,Dyfed-Powys Police,344045
Other theft,0.0,0.059447294254586634,0.7897931124926338,0.05706947123130831,3,0,Dyfed-Powys Police,344045
Possession of weapons,0.015151515151515152,0.11919796648078164,0.7208997388638982,0.33399456072805966,5,0,Dyfed-Powys Police,344045
Public order,0.0,0.059903925438089145,0.7894526455859034,0.056683598654145406,3,0,Dyfed-Powys Police,344045
Robbery,0.5075757575757576,0.29599279646923454,0.5387054711030174,0.5804328977337486,11,0,Dyfed-Powys Police,344045
Shoplifting,0.0,0.07582858769679725,0.7165976789494127,0.1690111146502097,4,1,Dyfed-Powys Police,344045
Theft from the person,0.12121212121212122,0.35205933311253673,0.5601727957517743,0.5691812576522259,11,0,Dyfed-Powys Police,344045
Vehicle crime,0.0,0.029104428090342353,0.7968659727740884,0.11859038252424527,3,0,Dyfed-Powys Police,344045
Violence and sexual offences,0.0,0.16534167885315734,0.5750169004466567,0.029923118213602364,3,1,Dyfed-Powys Police,344045
Anti-social behaviour,0.0,0.06993532049238918,0.6496068654998012,0.09154153661717927,3,1,Essex Police,1546755
Bicycle theft,0.0,0.2022719932564313,0.5143957543506024,0.4239751519946552,7,0,Essex Police,1546755
Burglary,0.0,0.05772307221831486,0.6495122869786661,0.11109712744436753,3,1,Essex Police,1546755
Criminal damage and arson,0.0,0.06380696449076627,0.6496145037712105,0.10036168098960392,3,1,Essex Police,1546755
Drugs,0.0,0.09042006427419454,0.5450269192306498,0.18100969990213384,4,2,Essex Police,1546755
Other theft,0.0,0.05758582997435783,0.6496425366655781,0.1114152545492253,3,1,Essex Police,1546755
Possession of weapons,0.0,0.21313962221165692,0.49918793402724326,0.41598637097637564,8,1,Essex Police,1546755
Public order,0.0,0.07117003688643601,0.6670725617678817,0.10788648441470335,3,0,Essex Police,1546755
Robbery,0.0,0.340655125802495,0.45243345720440686,0.4693531627038231,11,0,Essex Police,1546755
Shoplifting,0.0,0.03681697108683793,0.6703116911464506,0.2171452135114145,3,0,Essex Police,1546755
Theft from the person,0.6818181818181819,0.37838765794511575,0.41124645443678415,0.5263491880667961,12,0,Essex Police,1546755
Vehicle crime,0.0,0.07548289671825964,0.6671250526758055,0.10145643817675189,3,0,Essex Police,1546755
Violence and sexual offences,0.0,0.11640113007649618,0.5578829608911361,0.06933139511036755,3,2,Essex Police,1546755
Anti-social behaviour,0.0,0.07834730718557625,0.7387505069068033,0.06261556748230752,3,0,Gloucestershire Constabulary,460086
Bicycle theft,0.030303030303030304,0.17537031606790218,0.602231566598063,0.3338716214698498,6,1,Gloucestershire Constabulary,460086
Burglary,0.0,0.08297593077096937,0.726838111854865,0.07945691216849211,3,1,Gloucestershire Constabulary,460086
Criminal damage and arson,0.0,0.06257118302296949,0.7388791025403411,0.07848676159841021,3,0,Gloucestershire Constabulary,460086
Drugs,0.0,0.07204301294531028,0.649168076657941,0.21127543498600862,4,0,Gloucestershire Constabulary,460086
Other theft,0.0,0.05715583665497852,0.7391579639825414,0.08616584698644489,3,0,Gloucestershire Constabulary,460086
Possession of weapons,0.10606060606060606,0.3244247016873343,0.5377686314984684,0.46826500138254495,10,0,Gloucestershire Constabulary,460086
Public order,0.0,0.05249112309483878,0.7388669544683347,0.09357608652224457,3,0,Gloucestershire Constabulary,460086
Robbery,0.0,0.31826631982090464,0.5150358732919066,0.5060193510827543,11,0,Gloucestershire Constabulary,460086
Shoplifting,0.0,0.03074391975882864,0.7426742784014467,0.16309248536815693,3,0,Gloucestershire Constabulary,460086
Theft from the person,0.5454545454545454,0.3033959493142933,0.47902093498877624,0.5478854724136912,11,0,Gloucestershire Constabulary,460086
Vehicle crime,0.0,0.07592265656842355,0.7269177590912628,0.08672193016763799,3,1,Gloucestershire Constabulary,460086
Violence and sexual offences,0.0,0.15244865234078833,0.5315041456278855,0.04112266816032515,3,1,Gloucestershire Constabulary,460086
Anti-social behaviour,0.0,0.08284331227595972,0.6910620591648906,0.05989661878635864,3,1,Greater Manchester Police,902093
Bicycle theft,0.0,0.24967919709167524,0.5257854959926255,0.4698286832915027,9,0,Greater Manchester Police,902093
Burglary,0.0,0.06808572213076383,0.659248497792819,0.0769126809269407,3,0,Greater Manchester Police,902093
Criminal damage and arson,0.0,0.06953814348030775,0.690468589621667,0.071554161859822,3,1,Greater Manchester Police,902093
Drugs,0.0,0.1339975098530277,0.5743420911828383,0.34714317956727814,6,1,Greater Manchester Police,902093
Other theft,0.0,0.04430855116725659,0.6611515044750128,0.11871988643170475,3,0,Greater Manchester Police,902093
Possession of weapons,0.06060606060606061,0.38634735283779403,0.478107509166186,0.4669412882387664,12,1,Greater Manchester Police,902093
Public order,0.0,0.06626396748374298,0.6594909285857334,0.07930040133835191,3,0,Greater Manchester Police,902093
Robbery,0.0,0.017734550030598303,0.6666738521475328,0.30151958879210927,3,0,Greater Manchester Police,902093
Shoplifting,0.0,0.029895435140738134,0.6599276932523528,0.1759969583765335,3,0,Greater Manchester Police,902093
Theft from the person,0.6212121212121212,0.3652259279144186,0.453493405610192,0.5240085626887381,12,0,Greater Manchester Police,902093
Vehicle crime,0.0,0.06489476578816186,0.6601372805964522,0.08106614252151928,3,0,Greater Manchester Police,902093
Violence and sexual offences,0.0,0.09591346003986359,0.6914160116899382,0.05163952905647377,3,1,Greater Manchester Police,902093
Anti-social behaviour,0.0,0.09293294215699874,0.6468410490059824,0.037473847647482864,3,1,Gwent Police,491946
Bicycle theft,0.03787878787878788,0.33557074310881224,0.5742120513728661,0.479671658817521,11,0,Gwent Police,491946
Burglary,0.0,0.0537726359404636,0.7673903277864456,0.07299134204547392,3,0,Gwent Police,491946
Criminal damage and arson,0.0,0.0965792799814256,0.6546023129188474,0.07290242496630084,4,2,Gwent Police,491946
Drugs,0.0,0.06916299227139938,0.684258662720165,0.1263044915944011,4,1,Gwent Police,491946
Other theft,0.0,0.06413818374422761,0.7669623615584864,0.061062515239934625,3,0,Gwent Police,491946
Possession of weapons,0.0,0.034501915909861715,0.743275698865391,0.40320616600476045,4,0,Gwent Police,491946
Public order,0.0,0.1389429062848657,0.801012306712428,0.05140559265092603,3,0,Gwent Police,491946
Robbery,0.2196969696969697,0.3910045166584614,0.553479700854984,0.5009917697033975,12,0,Gwent Police,491946
Shoplifting,0.0,0.029258249096507816,0.7682899660867032,0.13316996157489466,3,0,Gwent Police,491946
Theft from the person,0.42424242424242425,0.2934254021260374,0.5431499084129481,0.5464975176444805,10,0,Gwent Police,491946
Vehicle crime,0.0,0.05894305647215772,0.7670896095778371,0.06648336039493553,3,0,Gwent Police,491946
Violence and sexual offences,0.0,0.07886460525127932,0.6236666469018464,0.03409607438390062,3,2,Gwent Police,491946
Anti-social behaviour,0.0,0.06157934401602084,0.6540508460008921,0.09546278255223752,3,1,Hampshire Constabulary,1531578
Bicycle theft,0.06060606060606061,0.17118619783457564,0.5327283023867142,0.3692119433256153,6,0,Hampshire Constabulary,1531578
Burglary,0.0,0.07275820976143617,0.7153674633511895,0.11614959978497032,3,0,Hampshire Constabulary,1531578
Criminal damage and arson,0.0,0.05901617433705825,0.6541206604043661,0.09967199677507513,3,0,Hampshire Constabulary,1531578
Drugs,0.0,0.08000857695624462,0.5559994990497394,0.21057858805344715,4,1,Hampshire Constabulary,1531578
Other theft,0.0,0.052298238004245025,0.6547383526732735,0.11294805721766064,3,1,Hampshire Constabulary,1531578
Possession of weapons,0.07575757575757576,0.32636151851139245,0.4767315090791231,0.41136305930785105,10,1,Hampshire Constabulary,1531578
Public order,0.0,0.056889091803798024,0.6540560152000057,0.10333306808543595,3,1,Hampshire Constabulary,1531578
Robbery,0.0,0.31844799324519407,0.4577643241951793,0.5066556065909207,11,0,Hampshire Constabulary,1531578
Shoplifting,0.0,0.031286574282649714,0.6606985863433703,0.19389279809331852,3,0,Hampshire Constabulary,1531578
Theft from the person,0.5454545454545454,0.3064422488200994,0.43424419637005707,0.5330811593015448,11,0,Hampshire Constabulary,1531578
Vehicle crime,0.0,0.0763289699925263,0.7153219164585727,0.11076772017831914,3,0,Hampshire Constabulary,1531578
Violence and sexual offences,0.0,0.13097039926564083,0.5166241745746811,0.05836896096920708,3,1,Hampshire Constabulary,1531578
Anti-social behaviour,0.0,0.08074488660476073,0.6123521791025606,0.08745880669687545,3,1,Hertfordshire Constabulary,863010
Bicycle theft,0.10606060606060606,0.39536922562427695,0.422384026313451,0.46791620095273717,12,1,Hertfordshire Constabulary,863010
Burglary,0.0,0.055609126842983476,0.6408002945659,0.12551166940067512,3,0,Hertfordshire Constabulary,863010
Criminal damage and arson,0.0,0.0704479789349347,0.6123973961258791,0.10019812840950099,3,1,Hertfordshire Constabulary,863010
Drugs,0.0,0.08755207175765653,0.5365547421192154,0.20618342263278136,4,1,Hertfordshire Constabulary,863010
Other theft,0.0,0.05519103219226462,0.6404475846013278,0.12647756943519933,3,0,Hertfordshire Constabulary,863010
Possession of weapons,0.045454545454545456,0.16251218593833283,0.49641061527366415,0.3269701039909859,6,1,Hertfordshire Constabulary,863010
Public order,0.0,0.04881299393939408,0.6407855587201425,0.14282158499107842,3,0,Hertfordshire Constabulary,863010
Robbery,0.24242424242424243,0.32877910226695434,0.43659697828424576,0.487985477928019,11,0,Hertfordshire Constabulary,863010
Shoplifting,0.0,0.029910075612212,0.6461698162273138,0.23149016300553216,3,0,Hertfordshire Constabulary,863010
Theft from the person,0.2878787878787879,0.23418071520309214,0.4510229923930973,0.5034026110278704,9,0,Hertfordshire Constabulary,863010
Vehicle crime,0.0,0.06305454642105263,0.6401937774919317,0.11076491240587075,3,0,Hertfordshire Constabulary,863010
Violence and sexual offences,0.0,0.11083918493539045,0.5214965773423665,0.06630483915702337,3,1,Hertfordshire Constabulary,863010
Anti-social behaviour,0.0,0.06063064833644216,0.6828988837228731,0.0906306534583755,3,0,Humberside Police,860676
Bicycle theft,0.0,0.06585902658933727,0.603751684382062,0.26874105068785537,4,1,Humberside Police,860676
Burglary,0.0,0.09072296751263788,0.6962141033515593,0.08688725177651174,3,0,Humberside Police,860676
Criminal damage and arson,0.0,0.05940494554126966,0.6828883425831089,0.09245546770501611,3,0,Humberside Police,860676
Drugs,0.0,0.05385558118388453,0.6328643740754495,0.3026113601154628,4,0,Humberside Police,860676
Other theft,0.0,0.053093168315831454,0.6828812654715534,0.10357650524237608,3,0,Humberside Police,860676
Possession of weapons,0.13636363636363635,0.3526889738353106,0.4788249231500863,0.484516361788038,11,0,Humberside Police,860676
Public order,0.0,0.12693971347415492,0.528710366931013,0.10021487048227368,4,1,Humberside Police,860676
Robbery,0.07575757575757576,0.33009036932832336,0.48598817515380177,0.4763325459049944,11,0,Humberside Police,860676
Shoplifting,0.0,0.03332655832003729,0.6859161888103479,0.16691456757617096,3,0,Humberside Police,860676
Theft from the person,0.48484848484848486,0.3157796659414349,0.45608050870325606,0.535021228296317,11,0,Humberside Police,860676
Vehicle crime,0.0,0.04778450789535459,0.6826849031626705,0.11509082444868149,3,0,Humberside Police,860676
Violence and sexual offences,0.0,0.11336535490112687,0.5198808837739014,0.04603576573020661,3,1,Humberside Police,860676
Anti-social behaviour,0.0,0.07749616579668667,0.6991673573116287,0.07846024436803842,3,0,Kent Police,1672798
Bicycle theft,0.0,0.2204639604958997,0.5533935501921627,0.4377415123015003,8,0,Kent Police,1672798
Burglary,0.0,0.06001521920314023,0.6994649693757402,0.10174744505952073,3,0,Kent Police,1672798
Criminal damage and arson,0.0,0.0896430127802158,0.6995460253233614,0.07925082319615415,3,1,Kent Police,1672798
Drugs,0.0,0.07674315146408128,0.6286508478275855,0.17810762857735055,4,1,Kent Police,1672798
Other theft,0.0,0.06883145078482217,0.6992967825358395,0.08847531575790785,3,0,Kent Police,1672798
Possession of weapons,0.015151515151515152,0.18847019328381753,0.5514301473271684,0.414613836809921,7,1,Kent Police,1672798
Public order,0.0,0.062173526453801434,0.6993065169767915,0.09799506528999051,3,0,Kent Police,1672798
Robbery,0.12121212121212122,0.4265146561857055,0.4722826757316751,0.4777385559487066,12,0,Kent Police,1672798
Shoplifting,0.0,0.03516501652733974,0.7043195171087583,0.17789815881179105,3,0,Kent Police,1672798
Theft from the person,0.5454545454545454,0.3276987020951182,0.45038240033535865,0.5418815511921445,11,0,Kent Police,1672798
Vehicle crime,0.0,0.07947574853392692,0.6994657139682365,0.08963153905664113,3,1,Kent Police,1672798
Violence and sexual offences,0.0,0.10861245494175878,0.6401807405439622,0.054625419836417846,3,1,Kent Police,1672798
Anti-social behaviour,0.0,0.05801369403639399,0.6632484727387379,0.07295347440137138,3,0,Lancashire Constabulary,1474905
Bicycle theft,0.0,0.09408728479426143,0.5920821570974321,0.3932853441706135,5,0,Lancashire Constabulary,1474905
Burglary,0.0,0.04635520828424548,0.6633766484285503,0.09136380333824443,3,0,Lancashire Constabulary,1474905
Criminal damage and arson,0.0,0.05112876394881668,0.6632546470010123,0.08276460720374226,3,0,Lancashire Constabulary,1474905
Drugs,0.0,0.018889883098811754,0.6649326159943972,0.22354893588101618,3,0,Lancashire Constabulary,1474905
Other theft,0.0,0.047048752900042096,0.6633875377727728,0.08999668487398187,3,0,Lancashire Constabulary,1474905
Possession of weapons,0.022727272727272728,0.3321544432604955,0.4982696160109341,0.4324353836593907,11,0,Lancashire Constabulary,1474905
Public order,0.0,0.03858220891219246,0.6634803351992986,0.10969879355574058,3,0,Lancashire Constabulary,1474905
Robbery,0.12878787878787878,0.35953769565338956,0.46814110865215125,0.5012814914193464,12,0,Lancashire Constabulary,1474905
Shoplifting,0.0,0.05090193383733927,0.721342564726523,0.17442428930223866,3,0,Lancashire Constabulary,1474905
Theft from the person,0.5303030303030303,0.30008521244179337,0.46365794333135657,0.5225067328399936,11,0,Lancashire Constabulary,1474905
Vehicle crime,0.0,0.04566731541849978,0.6635380074388942,0.0927565689484287,3,0,Lancashire Constabulary,1474905
Violence and sexual offences,0.0,0.11518684824515184,0.6485590793562037,0.06614646032008148,3,0,Lancashire Constabulary,1474905
Anti-social behaviour,0.0,0.0610722706873324,0.6620945101266813,0.09998569485951757,3,0,Leicestershire Police,869134
Bicycle theft,0.0,0.18571523292222672,0.5138358102440036,0.39111854728908796,7,1,Leicestershire Police,869134
Burglary,0.0,0.06901219843509158,0.6399141250239198,0.10088328444359637,3,1,Leicestershire Police,869134
Criminal damage and arson,0.0,0.06136371383738689,0.662065711789634,0.09950076178851483,3,0,Leicestershire Police,869134
Drugs,0.0,0.028119673782888793,0.6621556418555803,0.21727386717001435,3,0,Leicestershire Police,869134
Other theft,0.0,0.06779701680059591,0.6397960651989519,0.10262808144305086,3,1,Leicestershire Police,869134
Possession of weapons,0.045454545454545456,0.347328222923864,0.45653150549336674,0.45277793671834055,11,0,Leicestershire Police,869134
Public order,0.0,0.057307503275903095,0.6621366824425674,0.10651906400484118,3,0,Leicestershire Police,869134
Robbery,0.030303030303030304,0.25886340151144316,0.4831768822337932,0.47508712578244133,9,0,Leicestershire Police,869134
Shoplifting,0.0,0.04824492899777879,0.6702814801545581,0.1837692255914748,3,1,Leicestershire Police,869134
Theft from the person,0.6060606060606061,0.36222640387972144,0.4233055531243415,0.5163352893376373,12,0,Leicestershire Police,869134
Vehicle crime,0.0,0.0735475367738752,0.6398231913082516,0.09441185331719679,3,1,Leicestershire Police,869134
Violence and sexual offences,0.0,0.06885891308566548,0.6620840363624566,0.08866815810283747,3,0,Leicestershire Police,869134
Anti-social behaviour,0.0,0.10266744887385175,0.6421435087310876,0.049613756128584166,3,0,Lincolnshire Police,569020
Bicycle theft,0.0,0.15088866108534343,0.6191693562360913,0.3380423460564056,6,1,Lincolnshire Police,569020
Burglary,0.0,0.058337172109254924,0.7551529629631862,0.08691329337144299,3,0,Lincolnshire Police,569020
Criminal damage and arson,0.0,0.06808627809483046,0.7543838447486053,0.07452791335643516,3,0,Lincolnshire Police,569020
Drugs,0.0,0.060301221176033266,0.688068644111144,0.20088150688223988,4,0,Lincolnshire Police,569020
Other theft,0.0,0.06212545042970642,0.7545676057636905,0.08159739199565132,3,0,Lincolnshire Police,569020
Possession of weapons,0.03787878787878788,0.3177432071163175,0.5425668775557781,0.44544054629412827,10,0,Lincolnshire Police,569020
Public order,0.0,0.07889160197482001,0.7316835088265754,0.08917641145261164,3,1,Lincolnshire Police,569020
Robbery,0.2196969696969697,0.3869436929449428,0.49906561265763283,0.5205794485904527,12,0,Lincolnshire Police,569020
Shoplifting,0.0,0.048938194613402375,0.7363649522573714,0.14774911042737687,3,1,Lincolnshire Police,569020
Theft from the person,0.42424242424242425,0.2785768579661548,0.485824943449608,0.5584809635808964,10,0,Lincolnshire Police,569020
Vehicle crime,0.0,0.053106980489427455,0.7551534384872522,0.0955182740384857,3,0,Lincolnshire Police,569020
Violence and sexual offences,0.0,0.1151225677214973,0.6335368329695461,0.054025928284971846,3,1,Lincolnshire Police,569020
Anti-social behaviour,0.0,0.07718926650845484,0.6599614950283923,0.09334677684700687,3,0,Merseyside Police,1410947
Bicycle theft,0.0,0.23182422644446432,0.5016328776524015,0.42078461393045763,8,0,Merseyside Police,1410947
Burglary,0.0,0.062581455766494,0.6609966136442755,0.11722685783201134,3,0,Merseyside Police,1410947
Criminal damage and arson,0.0,0.06229299825700718,0.6671550257119716,0.10432308755854133,3,1,Merseyside Police,1410947
Drugs,0.0,0.04756274089381664,0.6673082180206932,0.13676920009491014,3,1,Merseyside Police,1410947
Other theft,0.0,0.04975047136134256,0.6672038520959034,0.13108269749337892,3,1,Merseyside Police,1410947
Possession of weapons,0.10606060606060606,0.26839727940283775,0.4849955460683123,0.4314005911220835,9,1,Merseyside Police,1410947
Public order,0.0,0.06190966438270119,0.6671759752321618,0.10501347899423948,3,1,Merseyside Police,1410947
Robbery,0.0,0.30085806443222096,0.4638193506880897,0.4730845777686443,10,1,Merseyside Police,1410947
Shoplifting,0.0,0.038106151367794175,0.6615450795165326,0.19436379093503844,3,0,Merseyside Police,1410947
Theft from the person,0.5757575757575758,0.3515786323775692,0.421126173390699,0.5233723848395022,12,0,Merseyside Police,1410947
Vehicle crime,0.0,0.06407069659230265,0.6609715367104667,0.11455995368933679,3,0,Merseyside Police,1410947
Violence and sexual offences,0.0,0.08080738453926149,0.659959573038665,0.08916007805061225,3,0,Merseyside Police,1410947
Anti-social behaviour,0.0,0.05609656314667577,0.542316335900798,0.14656041604901163,3,0,Metropolitan Police Service,8555747
Bicycle theft,0.0,0.26788978806489017,0.3822826408703748,0.4181283255062835,9,0,Metropolitan Police Service,8555747
Burglary,0.0,0.05255449840629123,0.5423697533252868,0.15671351347188234,3,0,Metropolitan Police Service,8555747
Criminal damage and arson,0.0,0.050373936265912946,0.5424312857416157,0.16370018893278412,3,0,Metropolitan Police Service,8555747
Drugs,0.0,0.10735001450188829,0.4541987286706735,0.2075248218481594,4,1,Metropolitan Police Service,8555747
Other theft,0.0,0.06611524606117554,0.5712657848934221,0.1655666199072883,3,0,Metropolitan Police Service,8555747
Possession of weapons,0.5606060606060607,0.33756808174410363,0.3304173522414299,0.48984503813299957,11,0,Metropolitan Police Service,8555747
Public order,0.0,0.0706002520077044,0.6149198812852623,0.16732166534752127,3,1,Metropolitan Police Service,8555747
Robbery,0.06060606060606061,0.30540761284549256,0.3604071251437319,0.364310735538605,9,0,Metropolitan Police Service,8555747
Shoplifting,0.07575757575757576,0.1446875267307149,0.41967852817380424,0.3016086356583444,5,1,Metropolitan Police Service,8555747
Theft from the person,0.0,0.19669514849747927,0.4033858285660558,0.39803785652268453,7,1,Metropolitan Police Service,8555747
Vehicle crime,0.0,0.05547174276362838,0.5423252599368843,0.14833494052430746,3,0,Metropolitan Police Service,8555747
Violence and sexual offences,0.0,0.10634867972481878,0.4230336427573721,0.098898136326263,3,1,Metropolitan Police Service,8555747
Anti-social behaviour,0.0,0.08073304688702695,0.7251461427785908,0.066623020823102,3,1,Norfolk Constabulary,605158
Bicycle theft,0.0,0.13625315562556697,0.59637782268882,0.34181258016504584,6,1,Norfolk Constabulary,605158
Burglary,0.0,0.049024511720537664,0.6893410701353674,0.12139606713371384,3,0,Norfolk Constabulary,605158
Criminal damage and arson,0.0,0.07356237421216605,0.7250698729473374,0.073235667850876,3,1,Norfolk Constabulary,605158
Drugs,0.0,0.03151448640410132,0.6883934328191351,0.18726545081624799,3,0,Norfolk Constabulary,605158
Other theft,0.0,0.06569585875593392,0.687894858476406,0.08951924526170621,3,0,Norfolk Constabulary,605158
Possession of weapons,0.0,0.26034157811936437,0.532449652600509,0.4341922337858077,9,0,Norfolk Constabulary,605158
Public order,0.0,0.06633067092243121,0.6877491927538346,0.08848948239242264,3,0,Norfolk Constabulary,605158
Robbery,0.32575757575757575,0.37216060192485917,0.4696566123875034,0.5248951066739443,12,0,Norfolk Constabulary,605158
Shoplifting,0.0,0.03151464066359201,0.6926948025323519,0.1918440966999958,3,0,Norfolk Constabulary,605158
Theft from the person,0.3560606060606061,0.37008515567767564,0.46513499920115053,0.5313759296355102,12,0,Norfolk Constabulary,605158
Vehicle crime,0.0,0.041163550120529045,0.6897761946535264,0.1450353576099611,3,0,Norfolk Constabulary,605158
Violence and sexual offences,0.0,0.09115007870361265,0.7251985819082772,0.0589497434994812,3,1,Norfolk Constabulary,605158
Anti-social behaviour,0.0,0.10816368456865826,0.6804201253264519,0.040988441584099485,3,0,North Wales Police,580837
Bicycle theft,0.03787878787878788,0.28649553104332404,0.6306144140912799,0.40098890137138676,9,0,North Wales Police,580837
Burglary,0.0,0.06979605869868893,0.8148500485195675,0.07205040550503632,3,1,North Wales Police,580837
Criminal damage and arson,0.0,0.07910617096677967,0.797189250340079,0.05055399517662344,3,0,North Wales Police,580837
Drugs,0.0,0.08117988062219018,0.7089292070189528,0.13889005406850427,4,1,North Wales Police,580837
Other theft,0.0,0.08877871599872723,0.8145258023470909,0.05630554537428001,3,1,North Wales Police,580837
Possession of weapons,0.0,0.17392264770026475,0.6675469627765518,0.4001596199747367,7,1,North Wales Police,580837
Public order,0.0,0.0695735856919576,0.7972438657719141,0.057494570995388745,3,0,North Wales Police,580837
Robbery,0.36363636363636365,0.3647872118532264,0.5327197219210463,0.5526800763002211,12,1,North Wales Police,580837
Shoplifting,0.0,0.03341885025152126,0.8006269122249995,0.12058826347169989,3,0,North Wales Police,580837
Theft from the person,0.28030303030303033,0.27786979708441906,0.5458142541846939,0.5589910554635804,10,1,North Wales Police,580837
Vehicle crime,0.0,0.03939711185840172,0.7988553691788711,0.10187567411848814,3,0,North Wales Police,580837
Violence and sexual offences,0.0,0.12063581065741319,0.5602198660059682,0.03225404577224436,3,0,North Wales Police,580837
Anti-social behaviour,0.0,0.06493736378496119,0.8207308887018017,0.048782365349429584,3,0,North Yorkshire Police,531895
Bicycle theft,0.0,0.03931177550315609,0.7819539830357598,0.26199966846429684,4,0,North Yorkshire Police,531895
Burglary,0.0,0.041859167347873254,0.8223044849964811,0.075726836975413,3,0,North Yorkshire Police,531895
Criminal damage and arson,0.0,0.05232397225053923,0.8209406006945263,0.06056671869420318,3,0,North Yorkshire Police,531895
Drugs,0.0,0.02125173255678913,0.8225475265873158,0.14914308069189716,3,0,North Yorkshire Police,531895
Other theft,0.0,0.04752791093590177,0.8217810849942212,0.0667001649831696,3,0,North Yorkshire Police,531895
Possession of weapons,0.007575757575757576,0.37091335237029077,0.6069540895352054,0.4790564729720602,12,0,North Yorkshire Police,531895
Public order,0.0,0.03579181710521971,0.8218216970796065,0.08859712349141621,3,0,North Yorkshire Police,531895
Robbery,0.2196969696969697,0.34211302901600754,0.5503514808890165,0.5657187575450227,12,0,North Yorkshire Police,531895
Shoplifting,0.0,0.02332147601833905,0.8260993824219403,0.1358088398412093,3,0,North Yorkshire Police,531895
Theft from the person,0.4696969696969697,0.2867404818585612,0.5689774752014645,0.5539450270279482,11,0,North Yorkshire Police,531895
Vehicle crime,0.0,0.034104681339939644,0.824786760183135,0.09301991150384967,3,0,North Yorkshire Police,531895
Violence and sexual offences,0.0,0.11669878626689009,0.7085501407948476,0.039330619966085806,3,0,North Yorkshire Police,531895
Anti-social behaviour,0.0,0.09722652386422426,0.6040809021851657,0.07987912948835046,3,1,Northamptonshire Police,644100
Bicycle theft,0.25757575757575757,0.3921963724495432,0.4258998436525918,0.49462530201344507,12,0,Northamptonshire Police,644100
Burglary,0.0,0.06357574167036631,0.6690452249588994,0.11055816152194087,3,1,Northamptonshire Police,644100
Criminal damage and arson,0.0,0.1341533987667472,0.5193339135327301,0.10485565907515902,4,2,Northamptonshire Police,644100
Drugs,0.0,0.09140236463208372,0.5750619028349523,0.20162660627327358,4,0,Northamptonshire Police,644100
Other theft,0.0,0.06270519006418074,0.6682969019980238,0.1118148387763056,3,1,Northamptonshire Police,644100
Possession of weapons,0.0,0.18777928948306022,0.5169083482348016,0.3925968264965329,7,0,Northamptonshire Police,644100
Public order,0.0,0.06278927694465324,0.6791067183849067,0.12459189221163873,3,0,Northamptonshire Police,644100
Robbery,0.0,0.23959578372406148,0.5061210141609696,0.3965759911934676,8,1,Northamptonshire Police,644100
Shoplifting,0.0,0.033614415520485066,0.6745122666122093,0.21260497535939268,3,1,Northamptonshire Police,644100
Theft from the person,0.42424242424242425,0.2763108459184302,0.4274257274830529,0.5358871674996836,10,0,Northamptonshire Police,644100
Vehicle crime,0.0,0.07460747588903559,0.6790311931282085,0.10477579206550162,3,0,Northamptonshire Police,644100
Violence and sexual offences,0.0,0.109201716828073,0.5163246203449252,0.048058812103332675,3,2,Northamptonshire Police,644100
Anti-social behaviour,0.0,0.08602560415397695,0.6391291823531431,0.07522315711730465,3,1,Northumbria Police,1533629
Bicycle theft,0.0,0.05257317673332316,0.6149121422581045,0.33951533157301833,4,0,Northumbria Police,1533629
Burglary,0.0,0.04147295675941018,0.6557703164914643,0.12462270164407778,3,0,Northumbria Police,1533629
Criminal damage and arson,0.0,0.05160523656401122,0.6553228542749963,0.10012682478974115,3,0,Northumbria Police,1533629
Drugs,0.0,0.05930971806585733,0.5964014362698118,0.23225404554579104,4,1,Northumbria Police,1533629
Other theft,0.0,0.047351565774382494,0.6554721678051927,0.10918087098482172,3,0,Northumbria Police,1533629
Possession of weapons,0.030303030303030304,0.333198228357444,0.47635392154592276,0.4475974884313335,11,0,Northumbria Police,1533629
Public order,0.0,0.049493981678204256,0.6553465413160064,0.1044090627500689,3,0,Northumbria Police,1533629
Robbery,0.19696969696969696,0.3638898224314972,0.4464566904307995,0.5103605532017061,12,0,Northumbria Police,1533629
Shoplifting,0.0,0.03077089513509828,0.6579578777894717,0.16856377013081653,3,0,Northumbria Police,1533629
Theft from the person,0.4545454545454546,0.31693221701651086,0.4548913070659048,0.5167456172720674,11,0,Northumbria Police,1533629
Vehicle crime,0.0,0.08648553868793786,0.7235779313116548,0.10942652828883691,3,0,Northumbria Police,1533629
Violence and sexual offences,0.0,0.0559625787483001,0.6553211059432374,0.09233424190702039,3,0,Northumbria Police,1533629
Anti-social behaviour,0.0,0.0580860630210062,0.6284202234260776,0.10225885748687945,3,0,Nottinghamshire Police,1049588
Bicycle theft,0.0,0.2561393674419308,0.47596113319455124,0.41024689709752493,9,0,Nottinghamshire Police,1049588
Burglary,0.0,0.046394568337063576,0.6285300800392394,0.12840632068903876,3,0,Nottinghamshire Police,1049588
Criminal damage and arson,0.0,0.0786332604019499,0.649743311952043,0.10919283607305623,3,1,Nottinghamshire Police,1049588
Drugs,0.0,0.04104550453786245,0.649885409213603,0.21106817858046478,3,1,Nottinghamshire Police,1049588
Other theft,0.0,0.04819922662755077,0.6284844477656322,0.1234277976341772,3,0,Nottinghamshire Police,1049588
Possession of weapons,0.0,0.14243796652798796,0.5219977974885459,0.3870294688961128,6,1,Nottinghamshire Police,1049588
Public order,0.0,0.06601042153943412,0.6497065748638079,0.13013449489598566,3,1,Nottinghamshire Police,1049588
Robbery,0.007575757575757576,0.37443093916461706,0.4237540654099951,0.4874249898313916,12,0,Nottinghamshire Police,1049588
Shoplifting,0.0,0.03141039738976793,0.6288139766410764,0.19070855742813622,3,0,Nottinghamshire Police,1049588
Theft from the person,0.6742424242424243,0.3645721373690415,0.41070774574973085,0.5181545996333587,12,0,Nottinghamshire Police,1049588
Vehicle crime,0.0,0.050063150223919946,0.6285460966320745,0.11892255231638084,3,0,Nottinghamshire Police,1049588
Violence and sexual offences,0.0,0.060168335316909266,0.6284207930185649,0.09868495271173268,3,0,Nottinghamshire Police,1049588
Anti-social behaviour,0.0,0.06309543438247092,0.7590216801591396,0.06914004480195345,3,0,South Wales Police,1109989
Bicycle theft,0.0,0.142718179551134,0.6324195052587535,0.345285722567887,6,1,South Wales Police,1109989
Burglary,0.0,0.06474505292857703,0.7457270373639544,0.09688284467068965,3,1,South Wales Police,1109989
Criminal damage and arson,0.0,0.05729533935504293,0.7590638160848823,0.07617453098347715,3,0,South Wales Police,1109989
Drugs,0.0,0.027494242354231323,0.7597680521482495,0.15937419092810137,3,0,South Wales Police,1109989
Other theft,0.0,0.05070422551890398,0.7592113145611054,0.08617965112404793,3,0,South Wales Police,1109989
Possession of weapons,0.045454545454545456,0.30010439602800815,0.5665514575971037,0.4570200496849184,10,0,South Wales Police,1109989
Public order,0.0,0.05819617806290659,0.7589894555183023,0.07493125982945156,3,0,South Wales Police,1109989
Robbery,0.48484848484848486,0.35464085685263763,0.48971077945074387,0.5508078671512568,12,0,South Wales Police,1109989
Shoplifting,0.0,0.030275694331666558,0.7614863186956886,0.1457033989923668,3,0,South Wales Police,1109989
Theft from the person,0.15151515151515152,0.3190763355996524,0.5179118798887714,0.5268211859157118,11,0,South Wales Police,1109989
Vehicle crime,0.0,0.06975960947548236,0.745591768402567,0.08914748402848935,3,1,South Wales Police,1109989
Violence and sexual offences,0.0,0.10455362090787844,0.6890222416333838,0.05824836380657081,3,1,South Wales Police,1109989
Anti-social behaviour,0.0,0.07992692945484495,0.7056709298489143,0.09077467379767294,3,1,South Yorkshire Police,1439121
Bicycle theft,0.045454545454545456,0.3138157245984156,0.4843297036541596,0.5134691024231148,10,0,South Yorkshire Police,1439121
Burglary,0.0,0.06573685294790658,0.6982409749057055,0.10275438749456355,3,0,South Yorkshire Police,1439121
Criminal damage and arson,0.0,0.0757910686221431,0.6398814910253038,0.09105676527174687,3,1,South Yorkshire Police,1439121
Drugs,0.0,0.07305721228329057,0.6348060926223004,0.21300865148373882,4,0,South Yorkshire Police,1439121
Other theft,0.0,0.0672699892953124,0.7061015421438477,0.10832918796358952,3,1,South Yorkshire Police,1439121
Possession of weapons,0.0,0.19848545509663723,0.5327856612234823,0.3299968188515139,7,1,South Yorkshire Police,1439121
Public order,0.0,0.07198140995046327,0.6398306481165323,0.09600056348244536,3,1,South Yorkshire Police,1439121
Robbery,0.0,0.27084913019905615,0.4959066688967999,0.40934873025066576,9,0,South Yorkshire Police,1439121
Shoplifting,0.0,0.036640361193671776,0.7051645873300141,0.18989578294603085,3,0,South Yorkshire Police,1439121
Theft from the person,0.6363636363636364,0.367439491244331,0.418902153947371,0.559613217105569,12,0,South Yorkshire Police,1439121
Vehicle crime,0.0,0.06615370455618616,0.6982218777026215,0.10204998570491795,3,0,South Yorkshire Police,1439121
Violence and sexual offences,0.0,0.08907339237952842,0.7212384080655775,0.08264254297645532,3,0,South Yorkshire Police,1439121
Anti-social behaviour,0.0,0.09309370156139636,0.6277517467318543,0.05913383682213786,3,1,Staffordshire Police,841541
Bicycle theft,0.06565656565656565,0.3788760810868511,0.5077495657324619,0.4649700495231638,12,0,Staffordshire Police,841541
Burglary,0.0,0.048499615892729844,0.6830244842562114,0.09611843901561673,3,0,Staffordshire Police,841541
Criminal damage and arson,0.0,0.06039806275954002,0.6823038209083312,0.0772678038681057,3,0,Staffordshire Police,841541
Drugs,0.0,0.023118297290136338,0.6880791722470007,0.19911850727680688,3,0,Staffordshire Police,841541
Other theft,0.0,0.05444023525538533,0.6827560732438741,0.08568593175594882,3,0,Staffordshire Police,841541
Possession of weapons,0.00505050505050505,0.08168646000595225,0.6275057756674779,0.3868098665050208,5,1,Staffordshire Police,841541
Public order,0.0,0.0478942674594103,0.6828417302135019,0.09738028543686142,3,0,Staffordshire Police,841541
Robbery,0.18686868686868685,0.37648722608671553,0.5057386577394246,0.46385213625359756,12,0,Staffordshire Police,841541
Shoplifting,0.0,0.0276052216469216,0.6895470661460038,0.16630407538918224,3,0,Staffordshire Police,841541
Theft from the person,0.42424242424242425,0.25611588022342324,0.4716134478119198,0.5527368471031017,10,0,Staffordshire Police,841541
Vehicle crime,0.0,0.0541416407541532,0.6829632375359275,0.08611483683834854,3,0,Staffordshire Police,841541
Violence and sexual offences,0.0,0.09652993283045434,0.6277517467318543,0.05702881578680267,3,1,Staffordshire Police,841541
Anti-social behaviour,0.0,0.10190966109106696,0.6419961256046377,0.06984170151085044,3,0,Suffolk Constabulary,486138
Bicycle theft,0.015151515151515152,0.3043912704503716,0.5200424109587037,0.38431841466456196,10,0,Suffolk Constabulary,486138
Burglary,0.0,0.08008181136268432,0.7383354329530175,0.10010511189237002,3,1,Suffolk Constabulary,486138
Criminal damage and arson,0.0,0.056042431892006465,0.686762346430752,0.07891234624630093,3,0,Suffolk Constabulary,486138
Drugs,0.0,0.039103844420481426,0.7385947678099027,0.20650080714240823,3,1,Suffolk Constabulary,486138
Other theft,0.0,0.051201613193834206,0.687029963291258,0.08634969520384538,3,0,Suffolk Constabulary,486138
Possession of weapons,0.0,0.1465471516967668,0.5884542976165587,0.39824369104396984,6,1,Suffolk Constabulary,486138
Public order,0.0,0.04898602246370514,0.6868691379899553,0.0903050447323829,3,0,Suffolk Constabulary,486138
Robbery,0.42424242424242425,0.3577988446483428,0.46419836914146273,0.5323066086971431,12,1,Suffolk Constabulary,486138
Shoplifting,0.0,0.02462329357562827,0.6930376891167392,0.1815909036947825,3,1,Suffolk Constabulary,486138
Theft from the person,0.24242424242424243,0.31537076512286477,0.4721469460307461,0.5326174397383828,11,1,Suffolk Constabulary,486138
Vehicle crime,0.0,0.044186207043245336,0.6879855787578666,0.1005776673120216,3,0,Suffolk Constabulary,486138
Violence and sexual offences,0.0,0.06822685847861801,0.6867868017986645,0.06479678269221945,3,0,Suffolk Constabulary,486138
Anti-social behaviour,0.0,0.09276073870172179,0.6464929699587372,0.06522687591588049,3,0,Surrey Police,760386
Bicycle theft,0.03787878787878788,0.2869355324990592,0.5379020266014339,0.388487004387016,9,0,Surrey Police,760386
Burglary,0.0,0.05957325661492761,0.7047704289008916,0.08918071866961044,3,0,Surrey Police,760386
Criminal damage and arson,0.0,0.0657111443790753,0.7041691941086852,0.08068576996061884,3,0,Surrey Police,760386
Drugs,0.0,0.08782893026557971,0.6319812290556471,0.16326833788877695,4,1,Surrey Police,760386
Other theft,0.0,0.07597169485457726,0.7525637097989678,0.0877476789301478,3,0,Surrey Police,760386
Possession of weapons,0.0,0.1791017715890143,0.5752193053039812,0.4137739851388849,7,0,Surrey Police,760386
Public order,0.0,0.07673734153590066,0.7525627142175669,0.08682122288041082,3,0,Surrey Police,760386
Robbery,0.2196969696969697,0.367962445655464,0.47098845085189567,0.5271193341143341,12,0,Surrey Police,760386
Shoplifting,0.0,0.026750164667756916,0.7105855324654331,0.2012367886682484,3,0,Surrey Police,760386
Theft from the person,0.42424242424242425,0.2778067521083793,0.4807105215927333,0.537703366957435,10,0,Surrey Police,760386
Vehicle crime,0.0,0.06255331523704093,0.704354515980491,0.0846066965140223,3,0,Surrey Police,760386
Violence and sexual offences,0.0,0.10466139722650705,0.5290365480915964,0.051211578244654686,3,1,Surrey Police,760386
Anti-social behaviour,0.0,0.09526700755369556,0.6423487302440891,0.07392137859447226,3,1,Sussex Police,1254311
Bicycle theft,0.0,0.23675712028292503,0.5230757213605535,0.389925159091203,8,0,Sussex Police,1254311
Burglary,0.0,0.053562697016372146,0.6786018351040055,0.1239691895382902,3,0,Sussex Police,1254311
Criminal damage and arson,0.0,0.06611336580569964,0.6849643749518001,0.09228255492914345,3,1,Sussex Police,1254311
Drugs,0.0,0.03034573121078602,0.6857558489321545,0.20354934206783235,3,1,Sussex Police,1254311
Other theft,0.0,0.06327659021888242,0.6778164382848767,0.10394199600406723,3,0,Sussex Police,1254311
Possession of weapons,0.0,0.2322280621303498,0.5230003782962659,0.3919868794140285,8,1,Sussex Police,1254311
Public order,0.0,0.06060898632860808,0.685005016175296,0.10081653336110913,3,1,Sussex Police,1254311
Robbery,0.0,0.33651362547118974,0.4621210209211348,0.5082289529976369,11,0,Sussex Police,1254311
Shoplifting,0.0,0.03487775427381196,0.683296155831516,0.19667635703581623,3,0,Sussex Police,1254311
Theft from the person,0.6818181818181819,0.35119328476646056,0.4277741175591484,0.5363635774913211,12,0,Sussex Police,1254311
Vehicle crime,0.0,0.06095770322509229,0.677631883960692,0.10754389422242262,3,0,Sussex Police,1254311
Violence and sexual offences,0.0,0.07657334572088445,0.684921042984812,0.07953474365545499,3,1,Sussex Police,1254311
Anti-social behaviour,0.0,0.03745482914396878,0.6206343834203066,0.10623927128875617,3,0,Thames Valley Police,1610723
Bicycle theft,0.0,0.01251923046213983,0.6205451992479035,0.317716210709144,3,0,Thames Valley Police,1610723
Burglary,0.0,0.030546449311224345,0.6206315012264269,0.1302711963493926,3,0,Thames Valley Police,1610723
Criminal damage and arson,0.0,0.03623968183524784,0.6206450484925602,0.10978670390730293,3,0,Thames Valley Police,1610723
Drugs,0.0,0.01824934232489682,0.6216215888058741,0.21705969867638364,3,0,Thames Valley Police,1610723
Other theft,0.0,0.03363810980924194,0.6205057729949359,0.11824254372740342,3,0,Thames Valley Police,1610723
Possession of weapons,0.12121212121212122,0.3240352688099046,0.45617367275923515,0.49205771400190224,12,0,Thames Valley Police,1610723
Public order,0.0,0.030966119880871886,0.6206855326965173,0.12847474854291915,3,0,Thames Valley Police,1610723
Robbery,0.4090909090909091,0.3183648435903521,0.45273874741807846,0.49685729609827806,12,0,Thames Valley Police,1610723
Shoplifting,0.0,0.019076419261736706,0.6207455333309078,0.20763034382995352,3,0,Thames Valley Police,1610723
Theft from the person,0.15151515151515152,0.3222091340167251,0.45548331538960635,0.4767717169293253,12,0,Thames Valley Police,1610723
Vehicle crime,0.0,0.03397782664876305,0.6206966462449299,0.11708250587951717,3,0,Thames Valley Police,1610723
Violence and sexual offences,0.0,0.04440557594337522,0.6206033805562179,0.0895881647605914,3,0,Thames Valley Police,1610723
Anti-social behaviour,0.0,0.10316667863923133,0.6768121350320964,0.07094040718210265,3,0,Warwickshire Police,431144
Bicycle theft,0.07575757575757576,0.340547942373824,0.4567676431030636,0.4816030986195656,11,1,Warwickshire Police,431144
Burglary,0.0,0.07568751802698619,0.6833332418055457,0.10004509670068147,3,1,Warwickshire Police,431144
Criminal damage and arson,0.0,0.06437835487410373,0.6585140332677341,0.09945801795687677,3,0,Warwickshire Police,431144
Drugs,0.0,0.06505042296359205,0.60649092882729,0.2341614566167336,4,0,Warwickshire Police,431144
Other theft,0.0,0.07293158084624962,0.6831354612803894,0.10417097802113907,3,1,Warwickshire Police,431144
Possession of weapons,0.06060606060606061,0.2870366520534969,0.4848937156378842,0.4090645015164881,9,0,Warwickshire Police,431144
Public order,0.0,0.05618159190137642,0.6590641979919155,0.1143965806924135,3,0,Warwickshire Police,431144
Robbery,0.030303030303030304,0.1907648628425087,0.5275947145950608,0.3970286209588131,7,1,Warwickshire Police,431144
Shoplifting,0.0,0.03876195613201018,0.6856974984449393,0.19596044795920722,3,1,Warwickshire Police,431144
Theft from the person,0.5151515151515151,0.34204216006000765,0.4196236142086871,0.5355601575975255,11,0,Warwickshire Police,431144
Vehicle crime,0.0,0.06835833314830458,0.6586115992651055,0.09381924458906939,3,0,Warwickshire Police,431144
Violence and sexual offences,0.0,0.10332363676597098,0.6071107921537086,0.07322919316318872,3,1,Warwickshire Police,431144
Anti-social behaviour,0.0,0.08304853707231005,0.7296388979672938,0.06618067231156534,3,1,West Mercia Police,951963
Bicycle theft,0.030303030303030304,0.2674219069328204,0.5412575979441997,0.43431069275063255,9,0,West Mercia Police,951963
Burglary,0.0,0.06567074380217204,0.7296529536535205,0.08439807830231137,3,1,West Mercia Police,951963
Criminal damage and arson,0.0,0.06883345005403005,0.7297443135788187,0.07990089107527955,3,1,West Mercia Police,951963
Drugs,0.0,0.02915717297513448,0.7056199901931883,0.1941112846189469,3,0,West Mercia Police,951963
Other theft,0.0,0.06467634877021632,0.7028073911435401,0.08615015911745848,3,0,West Mercia Police,951963
Possession of weapons,0.022727272727272728,0.1898585831538758,0.5812601661829518,0.37574437757880685,7,1,West Mercia Police,951963
Public order,0.0,0.053424385920307675,0.7027015576830353,0.10432073545549805,3,0,West Mercia Police,951963
Robbery,0.08333333333333334,0.3661961140525149,0.4891269982424746,0.5025042472361438,12,0,West Mercia Police,951963
Shoplifting,0.0,0.032700158701382744,0.7075117592278128,0.17383358743115582,3,0,West Mercia Police,951963
Theft from the person,0.5454545454545454,0.31831729198002995,0.4619905656588244,0.5483430611610558,11,0,West Mercia Police,951963
Vehicle crime,0.0,0.057731388375689474,0.7030510403704402,0.09710632775071117,3,0,West Mercia Police,951963
Violence and sexual offences,0.0,0.10085962493744283,0.6302640963886375,0.059000615898574936,3,1,West Mercia Police,951963
Anti-social behaviour,0.0,0.052805836686644736,0.6051376712726954,0.13253644196994166,3,0,West Midlands Police,2870799
Bicycle theft,0.0,0.33343826080335204,0.41356251525027016,0.5006445699033306,11,0,West Midlands Police,2870799
Burglary,0.0,0.06256895001808666,0.6109409051299219,0.12456479212301015,3,1,West Midlands Police,2870799
Criminal damage and arson,0.0,0.05224414960861934,0.6051711514455269,0.13401015266326272,3,0,West Midlands Police,2870799
Drugs,0.0,0.02849090106756271,0.609682330689725,0.25118875307119626,3,0,West Midlands Police,2870799
Other theft,0.0,0.0466003161338345,0.60592082176677,0.15090940887537668,3,0,West Midlands Police,2870799
Possession of weapons,0.0,0.2724211355125058,0.44020400279385963,0.37351595168245744,9,0,West Midlands Police,2870799
Public order,0.0,0.04842182705099117,0.6053666553357573,0.1447948469628467,3,0,West Midlands Police,2870799
Robbery,0.0,0.21063634029618614,0.4709805602906023,0.30539854125168336,7,1,West Midlands Police,2870799
Shoplifting,0.0,0.03586575438985298,0.6224610248522461,0.23304576743898825,3,1,West Midlands Police,2870799
Theft from the person,0.6818181818181819,0.3504130032013237,0.3814281115248545,0.5289477695303378,12,0,West Midlands Police,2870799
Vehicle crime,0.0,0.06592699520935,0.6107615886146593,0.11791763160269426,3,1,West Midlands Police,2870799
Violence and sexual offences,0.0,0.07559744641984265,0.570696535956261,0.10342115375571151,3,1,West Midlands Police,2870799
Anti-social behaviour,0.0,0.06832101086897333,0.6169611834853492,0.1100033952956915,3,1,West Yorkshire Police,2697046
Bicycle theft,0.045454545454545456,0.17476472322782685,0.4831584154231248,0.44108893865665366,7,0,West Yorkshire Police,2697046
Burglary,0.0,0.06936176989099314,0.6390188420004309,0.11674409832576971,3,0,West Yorkshire Police,2697046
Criminal damage and arson,0.0,0.06641264723370481,0.6169467283395945,0.11318578829121687,3,1,West Yorkshire Police,2697046
Drugs,0.0,0.1006508754127591,0.5149978126357654,0.20082312990438747,4,2,West Yorkshire Police,2697046
Other theft,0.0,0.06554920389792791,0.6388942778993887,0.12358061613148504,3,0,West Yorkshire Police,2697046
Possession of weapons,0.015151515151515152,0.18021602230994416,0.48573800335030926,0.39720607795425567,7,1,West Yorkshire Police,2697046
Public order,0.0,0.06677812611101376,0.6169452330435636,0.11256379217222048,3,1,West Yorkshire Police,2697046
Robbery,0.0,0.34557520388706964,0.42050594626990545,0.458356358929745,11,0,West Yorkshire Police,2697046
Shoplifting,0.0,0.09499113216682199,0.5413579248120807,0.23013274135199607,4,0,West Yorkshire Police,2697046
Theft from the person,0.6212121212121212,0.40118054156788907,0.3872129397786494,0.5084314244717729,12,0,West Yorkshire Police,2697046
Vehicle crime,0.0,0.0682165540626276,0.6389856463349053,0.11868352721194299,3,0,West Yorkshire Police,2697046
Violence and sexual offences,0.0,0.11419663784338341,0.5428589281811591,0.07221008764541331,3,2,West Yorkshire Police,2697046
Anti-social behaviour,0.0,0.08008786379267618,0.7524582462528563,0.060965818325120255,3,0,Wiltshire Police,454218
Bicycle theft,0.0,0.2344381587106646,0.5740261304459504,0.3784328384608974,8,1,Wiltshire Police,454218
Burglary,0.0,0.06097104073359346,0.7251631369675313,0.08996292201077637,3,1,Wiltshire Police,454218
Criminal damage and arson,0.0,0.0699845610176718,0.7524819571203487,0.0697887240685621,3,0,Wiltshire Police,454218
Drugs,0.0,0.02516723309723311,0.753571815515246,0.19508799530373552,3,0,Wiltshire Police,454218
Other theft,0.0,0.07732999982451463,0.6720055482897717,0.07359398975345037,3,1,Wiltshire Police,454218
Possession of weapons,0.022727272727272728,0.26788916104618954,0.5625424885873259,0.44022813125336535,9,0,Wiltshire Police,454218
Public order,0.0,0.05529500466579369,0.7525868561432719,0.08842353097900893,3,0,Wiltshire Police,454218
Robbery,0.23484848484848486,0.3285168944324277,0.5064483924733832,0.5253139834978097,11,0,Wiltshire Police,454218
Shoplifting,0.0,0.04094722121267154,0.727715625765087,0.1360269813380434,3,1,Wiltshire Police,454218
Theft from the person,0.42424242424242425,0.3159573527451512,0.4872428778545322,0.5389488655481848,11,0,Wiltshire Police,454218
Vehicle crime,0.0,0.06305830273744337,0.7247887118055943,0.08668210151855682,3,1,Wiltshire Police,454218
Violence and sexual offences,0.0,0.1070723000892703,0.6604186714026408,0.05074687674949465,3,1,Wiltshire Police,454218
