config_id,time_frame,covid_included,ASB_included,correlation_method,edge_method,edge_param,n_rows_used,crime_type,betweenness,current_flow_betweenness,constraint,eigenvector,degree,community_id
1,2017-2020,TRUE,TRUE,cosine,knn,3,9380657,Anti-social behaviour,0,0.191351745,0.509206172,0.411289743,5,0
1,2017-2020,TRUE,TRUE,cosine,knn,3,9380657,Bicycle theft,0.015151515,0.085244714,0.533830788,0.101063316,3,1
1,2017-2020,TRUE,TRUE,cosine,knn,3,9380657,Burglary,0,0.093156574,0.572733277,0.253466162,3,0
1,2017-2020,TRUE,TRUE,cosine,knn,3,9380657,Criminal damage and arson,0.136363636,0.142667361,0.516704454,0.362667374,4,0
1,2017-2020,TRUE,TRUE,cosine,knn,3,9380657,Drugs,0.287878788,0.398116296,0.346614649,0.276206383,7,1
1,2017-2020,TRUE,TRUE,cosine,knn,3,9380657,Other theft,0.03030303,0.225430947,0.4816077,0.154495428,5,1
1,2017-2020,TRUE,TRUE,cosine,knn,3,9380657,Possession of weapons,0,0.074647244,0.589957042,0.15236672,3,2
1,2017-2020,TRUE,TRUE,cosine,knn,3,9380657,Public order,0.181818182,0.316264491,0.395723998,0.415906598,6,2
1,2017-2020,TRUE,TRUE,cosine,knn,3,9380657,Robbery,0,0.087994624,0.710700711,0.111992651,3,1
1,2017-2020,TRUE,TRUE,cosine,knn,3,9380657,Shoplifting,0.166666667,0.210686019,0.374922576,0.20316944,4,2
1,2017-2020,TRUE,TRUE,cosine,knn,3,9380657,Theft from the person,0,0.080011865,0.73408111,0.104514019,3,1
1,2017-2020,TRUE,TRUE,cosine,knn,3,9380657,Vehicle crime,0.015151515,0.074932997,0.614548646,0.219809127,3,0
1,2017-2020,TRUE,TRUE,cosine,knn,3,9380657,Violence and sexual offences,0.272727273,0.377703928,0.362149442,0.464157417,7,0
2,2017-2020,TRUE,TRUE,spearman,knn,3,9380657,Anti-social behaviour,0.090909091,0.225558738,0.397846976,0.405984626,6,0
2,2017-2020,TRUE,TRUE,spearman,knn,3,9380657,Bicycle theft,0.015151515,0.08849739,0.532154285,0.123312282,3,1
2,2017-2020,TRUE,TRUE,spearman,knn,3,9380657,Burglary,0.045454545,0.125764094,0.508073655,0.093575338,3,1
2,2017-2020,TRUE,TRUE,spearman,knn,3,9380657,Criminal damage and arson,0,0.098091556,0.582987458,0.352457921,4,0
2,2017-2020,TRUE,TRUE,spearman,knn,3,9380657,Drugs,0.212121212,0.280805687,0.295517262,0.205183008,5,1
2,2017-2020,TRUE,TRUE,spearman,knn,3,9380657,Other theft,0.287878788,0.404244809,0.283139988,0.353099194,7,0
2,2017-2020,TRUE,TRUE,spearman,knn,3,9380657,Possession of weapons,0.106060606,0.138852096,0.467388077,0.279784573,4,0
2,2017-2020,TRUE,TRUE,spearman,knn,3,9380657,Public order,0.015151515,0.199096849,0.468103774,0.440292758,6,0
2,2017-2020,TRUE,TRUE,spearman,knn,3,9380657,Robbery,0.03030303,0.164413896,0.497601623,0.100858396,4,1
2,2017-2020,TRUE,TRUE,spearman,knn,3,9380657,Shoplifting,0,0.062357411,0.596034277,0.184928696,3,0
2,2017-2020,TRUE,TRUE,spearman,knn,3,9380657,Theft from the person,0.136363636,0.232223262,0.400686341,0.159632967,5,1
2,2017-2020,TRUE,TRUE,spearman,knn,3,9380657,Vehicle crime,0.015151515,0.091045791,0.624719167,0.065508384,3,1
2,2017-2020,TRUE,TRUE,spearman,knn,3,9380657,Violence and sexual offences,0.015151515,0.149290077,0.504001887,0.417044765,5,0
3,2017-2020,TRUE,TRUE,pearson,knn,3,9380657,Anti-social behaviour,0.515151515,0.486909821,0.315467862,0.488522819,9,0
3,2017-2020,TRUE,TRUE,pearson,knn,3,9380657,Bicycle theft,0.090909091,0.14284392,0.415307266,0.149107742,3,0
3,2017-2020,TRUE,TRUE,pearson,knn,3,9380657,Burglary,0.121212121,0.217517684,0.474081599,0.214364715,5,1
3,2017-2020,TRUE,TRUE,pearson,knn,3,9380657,Criminal damage and arson,0,0.07544133,0.638258741,0.328561513,3,0
3,2017-2020,TRUE,TRUE,pearson,knn,3,9380657,Drugs,0.015151515,0.152511972,0.413297171,0.214667197,3,0
3,2017-2020,TRUE,TRUE,pearson,knn,3,9380657,Other theft,0.03030303,0.181983602,0.517194242,0.142036866,4,1
3,2017-2020,TRUE,TRUE,pearson,knn,3,9380657,Possession of weapons,0.166666667,0.037201171,0.637872668,0.161610742,3,0
3,2017-2020,TRUE,TRUE,pearson,knn,3,9380657,Public order,0,0.167060158,0.555015996,0.402065222,5,0
3,2017-2020,TRUE,TRUE,pearson,knn,3,9380657,Robbery,0.045454545,0.230414046,0.451302354,0.172852226,5,1
3,2017-2020,TRUE,TRUE,pearson,knn,3,9380657,Shoplifting,0.060606061,0.141125388,0.507250773,0.285944161,4,0
3,2017-2020,TRUE,TRUE,pearson,knn,3,9380657,Theft from the person,0,0.084595806,0.711494838,0.117781958,3,1
3,2017-2020,TRUE,TRUE,pearson,knn,3,9380657,Vehicle crime,0.075757576,0.101077588,0.53487111,0.143761738,3,1
3,2017-2020,TRUE,TRUE,pearson,knn,3,9380657,Violence and sexual offences,0,0.231015129,0.488966824,0.430109875,6,0
4,2017-2020,TRUE,FALSE,cosine,knn,3,8004526,Bicycle theft,0.018181818,0.09098567,0.533829245,0.122796931,3,1
4,2017-2020,TRUE,FALSE,cosine,knn,3,8004526,Burglary,0,0.117918959,0.627623718,0.350294021,4,0
4,2017-2020,TRUE,FALSE,cosine,knn,3,8004526,Criminal damage and arson,0.018181818,0.123405001,0.618486867,0.367560611,4,0
4,2017-2020,TRUE,FALSE,cosine,knn,3,8004526,Drugs,0.309090909,0.418264595,0.347748572,0.316472862,7,1
4,2017-2020,TRUE,FALSE,cosine,knn,3,8004526,Other theft,0.036363636,0.242359638,0.481607181,0.191343552,5,1
4,2017-2020,TRUE,FALSE,cosine,knn,3,8004526,Possession of weapons,0,0.075968323,0.596125497,0.167746553,3,0
4,2017-2020,TRUE,FALSE,cosine,knn,3,8004526,Public order,0.145454545,0.310433833,0.405003406,0.427730755,6,0
4,2017-2020,TRUE,FALSE,cosine,knn,3,8004526,Robbery,0,0.094866709,0.71070067,0.140493527,3,1
4,2017-2020,TRUE,FALSE,cosine,knn,3,8004526,Shoplifting,0.163636364,0.218943168,0.376821376,0.226929813,4,1
4,2017-2020,TRUE,FALSE,cosine,knn,3,8004526,Theft from the person,0,0.086304758,0.734080802,0.13173883,3,1
4,2017-2020,TRUE,FALSE,cosine,knn,3,8004526,Vehicle crime,0,0.065814786,0.709014394,0.258035834,3,0
4,2017-2020,TRUE,FALSE,cosine,knn,3,8004526,Violence and sexual offences,0.254545455,0.359036306,0.412000445,0.473372049,7,0
5,2017-2020,TRUE,FALSE,spearman,knn,3,8004526,Bicycle theft,0.018181818,0.096224818,0.544058048,0.186496331,3,0
5,2017-2020,TRUE,FALSE,spearman,knn,3,8004526,Burglary,0.036363636,0.13230396,0.50867257,0.156273913,3,2
5,2017-2020,TRUE,FALSE,spearman,knn,3,8004526,Criminal damage and arson,0,0.088723329,0.737930178,0.326964102,3,1
5,2017-2020,TRUE,FALSE,spearman,knn,3,8004526,Drugs,0.145454545,0.23065241,0.397632206,0.222087144,4,0
5,2017-2020,TRUE,FALSE,spearman,knn,3,8004526,Other theft,0.2,0.387526069,0.305513941,0.381885006,6,0
5,2017-2020,TRUE,FALSE,spearman,knn,3,8004526,Possession of weapons,0.090909091,0.191799011,0.538834761,0.33047023,4,1
5,2017-2020,TRUE,FALSE,spearman,knn,3,8004526,Public order,0.072727273,0.242377578,0.501824584,0.431464122,5,1
5,2017-2020,TRUE,FALSE,spearman,knn,3,8004526,Robbery,0.036363636,0.18159153,0.500160555,0.188298056,4,2
5,2017-2020,TRUE,FALSE,spearman,knn,3,8004526,Shoplifting,0.090909091,0.107019133,0.534604853,0.206802963,3,0
5,2017-2020,TRUE,FALSE,spearman,knn,3,8004526,Theft from the person,0.218181818,0.308033832,0.367213594,0.286066956,6,0
5,2017-2020,TRUE,FALSE,spearman,knn,3,8004526,Vehicle crime,0.018181818,0.099457343,0.617100856,0.140598691,3,2
5,2017-2020,TRUE,FALSE,spearman,knn,3,8004526,Violence and sexual offences,0.054545455,0.162901362,0.585006458,0.404395131,4,1
6,2017-2020,TRUE,FALSE,pearson,knn,3,8004526,Bicycle theft,0.018181818,0.106512256,0.52822263,0.197912679,3,2
6,2017-2020,TRUE,FALSE,pearson,knn,3,8004526,Burglary,0.181818182,0.269762513,0.427404544,0.379014687,6,0
6,2017-2020,TRUE,FALSE,pearson,knn,3,8004526,Criminal damage and arson,0.072727273,0.163253365,0.508827869,0.238336188,3,1
6,2017-2020,TRUE,FALSE,pearson,knn,3,8004526,Drugs,0.109090909,0.205388455,0.459927092,0.22831807,4,1
6,2017-2020,TRUE,FALSE,pearson,knn,3,8004526,Other theft,0.109090909,0.268692363,0.444964243,0.416555352,6,0
6,2017-2020,TRUE,FALSE,pearson,knn,3,8004526,Possession of weapons,0.018181818,0.052080625,0.731585351,0.11172791,3,1
6,2017-2020,TRUE,FALSE,pearson,knn,3,8004526,Public order,0.036363636,0.222212784,0.497915943,0.286866105,5,1
6,2017-2020,TRUE,FALSE,pearson,knn,3,8004526,Robbery,0.127272727,0.252115244,0.46664366,0.385062648,5,0
6,2017-2020,TRUE,FALSE,pearson,knn,3,8004526,Shoplifting,0.163636364,0.253023686,0.397519376,0.256650332,4,2
6,2017-2020,TRUE,FALSE,pearson,knn,3,8004526,Theft from the person,0,0.081220841,0.653136211,0.311746895,3,0
6,2017-2020,TRUE,FALSE,pearson,knn,3,8004526,Vehicle crime,0,0.058718124,0.645068538,0.221191786,3,0
6,2017-2020,TRUE,FALSE,pearson,knn,3,8004526,Violence and sexual offences,0.109090909,0.215079558,0.508844004,0.282306467,5,1
7,2017-2020,FALSE,TRUE,cosine,knn,3,6990225,Anti-social behaviour,0.181818182,0.287174185,0.437739187,0.442322548,6,1
7,2017-2020,FALSE,TRUE,cosine,knn,3,6990225,Bicycle theft,0.015151515,0.080609721,0.526976564,0.102329397,3,0
7,2017-2020,FALSE,TRUE,cosine,knn,3,6990225,Burglary,0,0.072928322,0.708201371,0.232558796,3,1
7,2017-2020,FALSE,TRUE,cosine,knn,3,6990225,Criminal damage and arson,0.090909091,0.200980484,0.504114082,0.387091959,5,1
7,2017-2020,FALSE,TRUE,cosine,knn,3,6990225,Drugs,0.424242424,0.437298297,0.318277434,0.335653459,8,0
7,2017-2020,FALSE,TRUE,cosine,knn,3,6990225,Other theft,0.03030303,0.220292835,0.476111017,0.161541223,5,0
7,2017-2020,FALSE,TRUE,cosine,knn,3,6990225,Possession of weapons,0.015151515,0.048752871,0.597810537,0.122848305,3,2
7,2017-2020,FALSE,TRUE,cosine,knn,3,6990225,Public order,0.060606061,0.264544632,0.412636705,0.399920528,6,2
7,2017-2020,FALSE,TRUE,cosine,knn,3,6990225,Robbery,0,0.089196048,0.701952378,0.122750251,3,0
7,2017-2020,FALSE,TRUE,cosine,knn,3,6990225,Shoplifting,0.075757576,0.186310616,0.379751213,0.187410581,4,2
7,2017-2020,FALSE,TRUE,cosine,knn,3,6990225,Theft from the person,0,0.081777112,0.723281562,0.114491481,3,0
7,2017-2020,FALSE,TRUE,cosine,knn,3,6990225,Vehicle crime,0,0.065353842,0.733533534,0.216960933,3,1
7,2017-2020,FALSE,TRUE,cosine,knn,3,6990225,Violence and sexual offences,0.106060606,0.262663314,0.41891464,0.407183052,6,2
8,2017-2020,FALSE,TRUE,spearman,knn,3,6990225,Anti-social behaviour,0.166666667,0.234545852,0.420091547,0.42841554,6,0
8,2017-2020,FALSE,TRUE,spearman,knn,3,6990225,Bicycle theft,0.015151515,0.08892512,0.531173426,0.127546451,3,1
8,2017-2020,FALSE,TRUE,spearman,knn,3,6990225,Burglary,0.045454545,0.125560603,0.511247786,0.097634007,3,1
8,2017-2020,FALSE,TRUE,spearman,knn,3,6990225,Criminal damage and arson,0,0.065526749,0.654113875,0.319600778,3,0
8,2017-2020,FALSE,TRUE,spearman,knn,3,6990225,Drugs,0.181818182,0.283753453,0.295500776,0.201646072,5,1
8,2017-2020,FALSE,TRUE,spearman,knn,3,6990225,Other theft,0.333333333,0.407425339,0.286774492,0.374155368,7,0
8,2017-2020,FALSE,TRUE,spearman,knn,3,6990225,Possession of weapons,0.03030303,0.118816314,0.440101208,0.213614343,3,0
8,2017-2020,FALSE,TRUE,spearman,knn,3,6990225,Public order,0.045454545,0.214499181,0.464263834,0.446086452,6,0
8,2017-2020,FALSE,TRUE,spearman,knn,3,6990225,Robbery,0.03030303,0.165363324,0.500535331,0.104312438,4,1
8,2017-2020,FALSE,TRUE,spearman,knn,3,6990225,Shoplifting,0,0.062979494,0.596563848,0.198815753,3,0
8,2017-2020,FALSE,TRUE,spearman,knn,3,6990225,Theft from the person,0.136363636,0.234856133,0.400181985,0.166776425,5,1
8,2017-2020,FALSE,TRUE,spearman,knn,3,6990225,Vehicle crime,0,0.092409765,0.623503125,0.06932845,3,1
8,2017-2020,FALSE,TRUE,spearman,knn,3,6990225,Violence and sexual offences,0,0.175693378,0.488160789,0.424508876,5,0
9,2017-2020,FALSE,TRUE,pearson,knn,3,6990225,Anti-social behaviour,0.363636364,0.445110522,0.324844913,0.48358232,8,0
9,2017-2020,FALSE,TRUE,pearson,knn,3,6990225,Bicycle theft,0.075757576,0.138131264,0.419848679,0.149004519,3,0
9,2017-2020,FALSE,TRUE,pearson,knn,3,6990225,Burglary,0.106060606,0.213779512,0.476690278,0.213340393,5,1
9,2017-2020,FALSE,TRUE,pearson,knn,3,6990225,Criminal damage and arson,0,0.079563603,0.650250586,0.330307786,3,0
9,2017-2020,FALSE,TRUE,pearson,knn,3,6990225,Drugs,0.121212121,0.200535518,0.369445758,0.233099346,4,0
9,2017-2020,FALSE,TRUE,pearson,knn,3,6990225,Other theft,0.03030303,0.179629977,0.523442949,0.144666824,4,1
9,2017-2020,FALSE,TRUE,pearson,knn,3,6990225,Possession of weapons,0.045454545,0.050023446,0.575435268,0.112242073,3,0
9,2017-2020,FALSE,TRUE,pearson,knn,3,6990225,Public order,0.015151515,0.174495965,0.538515826,0.400145347,5,0
9,2017-2020,FALSE,TRUE,pearson,knn,3,6990225,Robbery,0.090909091,0.237482516,0.454243131,0.177825977,5,1
9,2017-2020,FALSE,TRUE,pearson,knn,3,6990225,Shoplifting,0.075757576,0.144005231,0.519657225,0.293326997,4,0
9,2017-2020,FALSE,TRUE,pearson,knn,3,6990225,Theft from the person,0,0.085277293,0.712489658,0.121715049,3,1
9,2017-2020,FALSE,TRUE,pearson,knn,3,6990225,Vehicle crime,0.045454545,0.096260264,0.53597868,0.139889854,3,1
9,2017-2020,FALSE,TRUE,pearson,knn,3,6990225,Violence and sexual offences,0.03030303,0.229929909,0.480441359,0.435090254,6,0
10,2017-2020,FALSE,FALSE,cosine,knn,3,6026729,Bicycle theft,0.018181818,0.089077768,0.533733245,0.148057223,3,1
10,2017-2020,FALSE,FALSE,cosine,knn,3,6026729,Burglary,0,0.084109557,0.735059339,0.272756438,3,0
10,2017-2020,FALSE,FALSE,cosine,knn,3,6026729,Criminal damage and arson,0,0.167171451,0.589362971,0.358699951,4,0
10,2017-2020,FALSE,FALSE,cosine,knn,3,6026729,Drugs,0.309090909,0.420014544,0.35247717,0.357045514,7,1
10,2017-2020,FALSE,FALSE,cosine,knn,3,6026729,Other theft,0.036363636,0.242543568,0.482923414,0.243290497,5,1
10,2017-2020,FALSE,FALSE,cosine,knn,3,6026729,Possession of weapons,0.054545455,0.067731504,0.625129363,0.151779292,3,0
10,2017-2020,FALSE,FALSE,cosine,knn,3,6026729,Public order,0.072727273,0.273792611,0.421685661,0.382561612,5,0
10,2017-2020,FALSE,FALSE,cosine,knn,3,6026729,Robbery,0,0.094681925,0.71400058,0.182445337,3,1
10,2017-2020,FALSE,FALSE,cosine,knn,3,6026729,Shoplifting,0.163636364,0.223459543,0.384536441,0.250539638,4,1
10,2017-2020,FALSE,FALSE,cosine,knn,3,6026729,Theft from the person,0,0.086993387,0.734835327,0.173389843,3,1
10,2017-2020,FALSE,FALSE,cosine,knn,3,6026729,Vehicle crime,0,0.074235353,0.765287402,0.253394506,3,0
10,2017-2020,FALSE,FALSE,cosine,knn,3,6026729,Violence and sexual offences,0.363636364,0.418564571,0.395179878,0.478148512,7,0
11,2017-2020,FALSE,FALSE,spearman,knn,3,6026729,Bicycle theft,0.018181818,0.095514786,0.543226819,0.181478363,3,0
11,2017-2020,FALSE,FALSE,spearman,knn,3,6026729,Burglary,0.036363636,0.130687424,0.512400765,0.150708926,3,2
11,2017-2020,FALSE,FALSE,spearman,knn,3,6026729,Criminal damage and arson,0,0.088495067,0.738628694,0.329434064,3,1
11,2017-2020,FALSE,FALSE,spearman,knn,3,6026729,Drugs,0.145454545,0.230882888,0.397848295,0.216950159,4,0
11,2017-2020,FALSE,FALSE,spearman,knn,3,6026729,Other theft,0.218181818,0.387326716,0.308272532,0.383967823,6,0
11,2017-2020,FALSE,FALSE,spearman,knn,3,6026729,Possession of weapons,0.090909091,0.190778354,0.53788499,0.325024507,4,1
11,2017-2020,FALSE,FALSE,spearman,knn,3,6026729,Public order,0.127272727,0.241618305,0.504444189,0.436011697,5,1
11,2017-2020,FALSE,FALSE,spearman,knn,3,6026729,Robbery,0.036363636,0.182479111,0.502986853,0.18352798,4,2
11,2017-2020,FALSE,FALSE,spearman,knn,3,6026729,Shoplifting,0.090909091,0.107089945,0.537046931,0.209396126,3,0
11,2017-2020,FALSE,FALSE,spearman,knn,3,6026729,Theft from the person,0.218181818,0.310037501,0.367105682,0.281823326,6,0
11,2017-2020,FALSE,FALSE,spearman,knn,3,6026729,Vehicle crime,0,0.100710149,0.616041294,0.137056146,3,2
11,2017-2020,FALSE,FALSE,spearman,knn,3,6026729,Violence and sexual offences,0,0.165529357,0.581673841,0.412118672,4,1
12,2017-2020,FALSE,FALSE,pearson,knn,3,6026729,Bicycle theft,0.090909091,0.149606515,0.514313498,0.201227044,3,0
12,2017-2020,FALSE,FALSE,pearson,knn,3,6026729,Burglary,0.018181818,0.125363089,0.682449727,0.250924244,4,1
12,2017-2020,FALSE,FALSE,pearson,knn,3,6026729,Criminal damage and arson,0,0.084808846,0.703071845,0.282341458,3,0
12,2017-2020,FALSE,FALSE,pearson,knn,3,6026729,Drugs,0.145454545,0.257259667,0.447216071,0.259110328,4,0
12,2017-2020,FALSE,FALSE,pearson,knn,3,6026729,Other theft,0.290909091,0.392871667,0.426058279,0.366439684,6,1
12,2017-2020,FALSE,FALSE,pearson,knn,3,6026729,Possession of weapons,0.036363636,0.050397594,0.725463445,0.120587821,3,0
12,2017-2020,FALSE,FALSE,pearson,knn,3,6026729,Public order,0.036363636,0.209525765,0.540078017,0.361841559,5,0
12,2017-2020,FALSE,FALSE,pearson,knn,3,6026729,Robbery,0.163636364,0.290364456,0.494830026,0.32457829,5,1
12,2017-2020,FALSE,FALSE,pearson,knn,3,6026729,Shoplifting,0.145454545,0.282349571,0.482250823,0.346909066,5,0
12,2017-2020,FALSE,FALSE,pearson,knn,3,6026729,Theft from the person,0,0.092354122,0.693656871,0.258020146,3,1
12,2017-2020,FALSE,FALSE,pearson,knn,3,6026729,Vehicle crime,0,0.063138472,0.701182039,0.170634718,3,1
12,2017-2020,FALSE,FALSE,pearson,knn,3,6026729,Violence and sexual offences,0.109090909,0.274174823,0.471287056,0.385426377,6,0
13,2021-2026,TRUE,TRUE,cosine,knn,3,12583035,Anti-social behaviour,0.015151515,0.110421618,0.576481831,0.302177937,4,1
13,2021-2026,TRUE,TRUE,cosine,knn,3,12583035,Bicycle theft,0.151515152,0.194959674,0.324070607,0.150936484,4,0
13,2021-2026,TRUE,TRUE,cosine,knn,3,12583035,Burglary,0.090909091,0.184149263,0.446321796,0.321970349,5,1
13,2021-2026,TRUE,TRUE,cosine,knn,3,12583035,Criminal damage and arson,0.242424242,0.292599705,0.399190673,0.455883784,7,1
13,2021-2026,TRUE,TRUE,cosine,knn,3,12583035,Drugs,0.257575758,0.3485693,0.372903195,0.279344213,6,2
13,2021-2026,TRUE,TRUE,cosine,knn,3,12583035,Other theft,0,0.093076843,0.736912018,0.084861225,3,2
13,2021-2026,TRUE,TRUE,cosine,knn,3,12583035,Possession of weapons,0,0.066470016,0.597983428,0.259640591,3,0
13,2021-2026,TRUE,TRUE,cosine,knn,3,12583035,Public order,0.03030303,0.257923606,0.389170256,0.365430601,6,0
13,2021-2026,TRUE,TRUE,cosine,knn,3,12583035,Robbery,0.060606061,0.191413083,0.537715101,0.105606965,4,2
13,2021-2026,TRUE,TRUE,cosine,knn,3,12583035,Shoplifting,0.015151515,0.074613385,0.534996782,0.154927258,3,0
13,2021-2026,TRUE,TRUE,cosine,knn,3,12583035,Theft from the person,0,0.077493743,0.787330006,0.074356047,3,2
13,2021-2026,TRUE,TRUE,cosine,knn,3,12583035,Vehicle crime,0,0.062747571,0.66834232,0.209055337,3,1
13,2021-2026,TRUE,TRUE,cosine,knn,3,12583035,Violence and sexual offences,0.090909091,0.29369454,0.370887142,0.45148214,7,0
14,2021-2026,TRUE,TRUE,spearman,knn,3,12583035,Anti-social behaviour,0.121212121,0.298064016,0.462577311,0.211658892,3,2
14,2021-2026,TRUE,TRUE,spearman,knn,3,12583035,Bicycle theft,0,0.063527741,0.67992806,0.271873372,3,0
14,2021-2026,TRUE,TRUE,spearman,knn,3,12583035,Burglary,0,0.071861188,0.65354077,0.290533101,3,0
14,2021-2026,TRUE,TRUE,spearman,knn,3,12583035,Criminal damage and arson,0.075757576,0.269378193,0.591536918,0.118671941,4,1
14,2021-2026,TRUE,TRUE,spearman,knn,3,12583035,Drugs,0.015151515,0.151830317,0.539281876,0.27463566,3,2
14,2021-2026,TRUE,TRUE,spearman,knn,3,12583035,Other theft,0.212121212,0.458707679,0.361304434,0.511670066,8,0
14,2021-2026,TRUE,TRUE,spearman,knn,3,12583035,Possession of weapons,0,0.076333674,0.86569219,0.075975612,3,1
14,2021-2026,TRUE,TRUE,spearman,knn,3,12583035,Public order,0.242424242,0.246244327,0.613472443,0.110180079,4,1
14,2021-2026,TRUE,TRUE,spearman,knn,3,12583035,Robbery,0.318181818,0.334009385,0.422455264,0.469296834,7,0
14,2021-2026,TRUE,TRUE,spearman,knn,3,12583035,Shoplifting,0.303030303,0.249494173,0.399729486,0.190567975,3,1
14,2021-2026,TRUE,TRUE,spearman,knn,3,12583035,Theft from the person,0,0.073117971,0.650611957,0.297454738,3,0
14,2021-2026,TRUE,TRUE,spearman,knn,3,12583035,Vehicle crime,0,0.065549638,0.673287102,0.274280167,3,0
14,2021-2026,TRUE,TRUE,spearman,knn,3,12583035,Violence and sexual offences,0,0.094055976,0.808016277,0.085937902,3,1
15,2021-2026,TRUE,TRUE,pearson,knn,3,12583035,Anti-social behaviour,0.136363636,0.209727419,0.346569136,0.2710414,5,1
15,2021-2026,TRUE,TRUE,pearson,knn,3,12583035,Bicycle theft,0.015151515,0.077590032,0.501594767,0.18406809,3,1
15,2021-2026,TRUE,TRUE,pearson,knn,3,12583035,Burglary,0.227272727,0.356908665,0.298521887,0.314575832,7,1
15,2021-2026,TRUE,TRUE,pearson,knn,3,12583035,Criminal damage and arson,0.03030303,0.127578789,0.535586943,0.342063428,4,0
15,2021-2026,TRUE,TRUE,pearson,knn,3,12583035,Drugs,0.121212121,0.203701597,0.386343497,0.249694622,4,2
15,2021-2026,TRUE,TRUE,pearson,knn,3,12583035,Other theft,0.015151515,0.106983561,0.622807646,0.143265046,3,2
15,2021-2026,TRUE,TRUE,pearson,knn,3,12583035,Possession of weapons,0,0.063368818,0.674590372,0.280203446,3,0
15,2021-2026,TRUE,TRUE,pearson,knn,3,12583035,Public order,0.090909091,0.311632956,0.346098645,0.459827226,7,0
15,2021-2026,TRUE,TRUE,pearson,knn,3,12583035,Robbery,0.045454545,0.234233931,0.446710682,0.200817703,5,2
15,2021-2026,TRUE,TRUE,pearson,knn,3,12583035,Shoplifting,0.03030303,0.07783263,0.505098925,0.224396796,3,0
15,2021-2026,TRUE,TRUE,pearson,knn,3,12583035,Theft from the person,0.015151515,0.100728878,0.663704302,0.125744424,3,2
15,2021-2026,TRUE,TRUE,pearson,knn,3,12583035,Vehicle crime,0.03030303,0.09185272,0.528963298,0.131504623,3,1
15,2021-2026,TRUE,TRUE,pearson,knn,3,12583035,Violence and sexual offences,0.166666667,0.242245353,0.417832752,0.424353661,6,0
16,2021-2026,TRUE,FALSE,cosine,knn,3,11228101,Bicycle theft,0.145454545,0.204347254,0.324070165,0.169083271,4,2
16,2021-2026,TRUE,FALSE,cosine,knn,3,11228101,Burglary,0.054545455,0.148131278,0.472067098,0.281813077,4,0
16,2021-2026,TRUE,FALSE,cosine,knn,3,11228101,Criminal damage and arson,0.2,0.243806994,0.451350696,0.438672546,6,0
16,2021-2026,TRUE,FALSE,cosine,knn,3,11228101,Drugs,0.272727273,0.368367116,0.378433683,0.318100587,6,1
16,2021-2026,TRUE,FALSE,cosine,knn,3,11228101,Other theft,0,0.100870935,0.736912158,0.107625564,3,1
16,2021-2026,TRUE,FALSE,cosine,knn,3,11228101,Possession of weapons,0,0.067839494,0.616459811,0.286052232,3,0
16,2021-2026,TRUE,FALSE,cosine,knn,3,11228101,Public order,0.036363636,0.269295604,0.397838965,0.410195297,6,2
16,2021-2026,TRUE,FALSE,cosine,knn,3,11228101,Robbery,0.072727273,0.206917265,0.537715115,0.13188876,4,1
16,2021-2026,TRUE,FALSE,cosine,knn,3,11228101,Shoplifting,0.018181818,0.080118715,0.536066921,0.17880304,3,2
16,2021-2026,TRUE,FALSE,cosine,knn,3,11228101,Theft from the person,0,0.084020891,0.787329782,0.094957948,3,1
16,2021-2026,TRUE,FALSE,cosine,knn,3,11228101,Vehicle crime,0,0.068221785,0.663383755,0.235701159,3,0
16,2021-2026,TRUE,FALSE,cosine,knn,3,11228101,Violence and sexual offences,0.109090909,0.297822877,0.39999792,0.471978927,7,0
17,2021-2026,TRUE,FALSE,spearman,knn,3,11228101,Bicycle theft,0,0.062967239,0.692955398,0.277351985,3,0
17,2021-2026,TRUE,FALSE,spearman,knn,3,11228101,Burglary,0,0.071418064,0.665124426,0.296179096,3,0
17,2021-2026,TRUE,FALSE,spearman,knn,3,11228101,Criminal damage and arson,0,0.089360208,0.839826126,0.118993749,3,1
17,2021-2026,TRUE,FALSE,spearman,knn,3,11228101,Drugs,0,0.300719986,0.408676344,0.271914964,3,0
17,2021-2026,TRUE,FALSE,spearman,knn,3,11228101,Other theft,0.090909091,0.37635351,0.419148436,0.4843841,7,0
17,2021-2026,TRUE,FALSE,spearman,knn,3,11228101,Possession of weapons,0,0.076131525,0.882016584,0.108195594,3,1
17,2021-2026,TRUE,FALSE,spearman,knn,3,11228101,Public order,0.436363636,0.49309275,0.466258489,0.19613627,5,1
17,2021-2026,TRUE,FALSE,spearman,knn,3,11228101,Robbery,0.436363636,0.360579099,0.430201836,0.482935261,7,0
17,2021-2026,TRUE,FALSE,spearman,knn,3,11228101,Shoplifting,0.436363636,0.241842431,0.404796341,0.208508209,3,0
17,2021-2026,TRUE,FALSE,spearman,knn,3,11228101,Theft from the person,0,0.072673153,0.662423965,0.303770682,3,0
17,2021-2026,TRUE,FALSE,spearman,knn,3,11228101,Vehicle crime,0,0.065215801,0.685146892,0.280172499,3,0
17,2021-2026,TRUE,FALSE,spearman,knn,3,11228101,Violence and sexual offences,0,0.094061309,0.822472295,0.122382535,3,1
18,2021-2026,TRUE,FALSE,pearson,knn,3,11228101,Bicycle theft,0.054545455,0.097950001,0.48508413,0.19245646,3,1
18,2021-2026,TRUE,FALSE,pearson,knn,3,11228101,Burglary,0.254545455,0.371959868,0.340300187,0.369609541,7,1
18,2021-2026,TRUE,FALSE,pearson,knn,3,11228101,Criminal damage and arson,0,0.073457572,0.706161765,0.281440979,3,0
18,2021-2026,TRUE,FALSE,pearson,knn,3,11228101,Drugs,0.109090909,0.202206381,0.382267639,0.266822455,4,0
18,2021-2026,TRUE,FALSE,pearson,knn,3,11228101,Other theft,0.018181818,0.148683646,0.564348383,0.198849829,4,1
18,2021-2026,TRUE,FALSE,pearson,knn,3,11228101,Possession of weapons,0,0.067424489,0.724103235,0.266274614,3,0
18,2021-2026,TRUE,FALSE,pearson,knn,3,11228101,Public order,0.181818182,0.349609802,0.385798707,0.458498465,7,0
18,2021-2026,TRUE,FALSE,pearson,knn,3,11228101,Robbery,0.109090909,0.275641668,0.409456882,0.269852147,6,1
18,2021-2026,TRUE,FALSE,pearson,knn,3,11228101,Shoplifting,0,0.080978812,0.579382791,0.233209696,3,0
18,2021-2026,TRUE,FALSE,pearson,knn,3,11228101,Theft from the person,0.018181818,0.105432391,0.618240642,0.159865865,3,1
18,2021-2026,TRUE,FALSE,pearson,knn,3,11228101,Vehicle crime,0,0.070884639,0.64223614,0.137312285,3,1
18,2021-2026,TRUE,FALSE,pearson,knn,3,11228101,Violence and sexual offences,0.145454545,0.274371883,0.450526761,0.428559309,6,0
19,2021-2026,FALSE,TRUE,cosine,knn,3,10118309,Anti-social behaviour,0.015151515,0.114601253,0.559421111,0.303650457,4,2
19,2021-2026,FALSE,TRUE,cosine,knn,3,10118309,Bicycle theft,0.090909091,0.166600827,0.374870951,0.157553317,4,0
19,2021-2026,FALSE,TRUE,cosine,knn,3,10118309,Burglary,0.121212121,0.27432096,0.365360658,0.341507896,6,2
19,2021-2026,FALSE,TRUE,cosine,knn,3,10118309,Criminal damage and arson,0.227272727,0.268459874,0.397461232,0.454059623,7,2
19,2021-2026,FALSE,TRUE,cosine,knn,3,10118309,Drugs,0.212121212,0.244725897,0.37589452,0.25966507,5,1
19,2021-2026,FALSE,TRUE,cosine,knn,3,10118309,Other theft,0,0.107731987,0.635110502,0.082694875,3,1
19,2021-2026,FALSE,TRUE,cosine,knn,3,10118309,Possession of weapons,0,0.063514797,0.59719399,0.256000344,3,0
19,2021-2026,FALSE,TRUE,cosine,knn,3,10118309,Public order,0.045454545,0.242041719,0.397061535,0.360612963,6,0
19,2021-2026,FALSE,TRUE,cosine,knn,3,10118309,Robbery,0.060606061,0.218957395,0.447443396,0.116346843,4,1
19,2021-2026,FALSE,TRUE,cosine,knn,3,10118309,Shoplifting,0.015151515,0.075133755,0.535288268,0.156067287,3,0
19,2021-2026,FALSE,TRUE,cosine,knn,3,10118309,Theft from the person,0.015151515,0.090411921,0.693706155,0.07324378,3,1
19,2021-2026,FALSE,TRUE,cosine,knn,3,10118309,Vehicle crime,0,0.067560071,0.646914322,0.211652018,3,2
19,2021-2026,FALSE,TRUE,cosine,knn,3,10118309,Violence and sexual offences,0.090909091,0.269175831,0.371903916,0.449753797,7,0
20,2021-2026,FALSE,TRUE,spearman,knn,3,10118309,Anti-social behaviour,0.015151515,0.123375087,0.565394201,0.231622559,3,0
20,2021-2026,FALSE,TRUE,spearman,knn,3,10118309,Bicycle theft,0,0.071600256,0.634685822,0.240259804,3,0
20,2021-2026,FALSE,TRUE,spearman,knn,3,10118309,Burglary,0,0.077640489,0.661989915,0.243036258,3,1
20,2021-2026,FALSE,TRUE,spearman,knn,3,10118309,Criminal damage and arson,0,0.082796199,0.813149135,0.167964702,3,2
20,2021-2026,FALSE,TRUE,spearman,knn,3,10118309,Drugs,0.060606061,0.180988209,0.534683269,0.236140006,3,0
20,2021-2026,FALSE,TRUE,spearman,knn,3,10118309,Other theft,0.393939394,0.530987121,0.317284464,0.514213941,9,0
20,2021-2026,FALSE,TRUE,spearman,knn,3,10118309,Possession of weapons,0,0.06895251,0.859607472,0.149670372,3,2
20,2021-2026,FALSE,TRUE,spearman,knn,3,10118309,Public order,0.424242424,0.494308539,0.402511902,0.326251258,6,2
20,2021-2026,FALSE,TRUE,spearman,knn,3,10118309,Robbery,0.075757576,0.258924954,0.458708572,0.368365461,6,1
20,2021-2026,FALSE,TRUE,spearman,knn,3,10118309,Shoplifting,0.060606061,0.143774409,0.482050804,0.207262833,3,1
20,2021-2026,FALSE,TRUE,spearman,knn,3,10118309,Theft from the person,0.03030303,0.149237558,0.526046664,0.301308312,4,0
20,2021-2026,FALSE,TRUE,spearman,knn,3,10118309,Vehicle crime,0,0.071532362,0.679701553,0.22965964,3,1
20,2021-2026,FALSE,TRUE,spearman,knn,3,10118309,Violence and sexual offences,0,0.087847644,0.794265382,0.173628989,3,2
21,2021-2026,FALSE,TRUE,pearson,knn,3,10118309,Anti-social behaviour,0.106060606,0.181675052,0.388682743,0.23700116,4,1
21,2021-2026,FALSE,TRUE,pearson,knn,3,10118309,Bicycle theft,0,0.085970293,0.605838315,0.18961886,3,0
21,2021-2026,FALSE,TRUE,pearson,knn,3,10118309,Burglary,0.378787879,0.423296732,0.301543995,0.338607146,8,1
21,2021-2026,FALSE,TRUE,pearson,knn,3,10118309,Criminal damage and arson,0.03030303,0.136423388,0.544531323,0.328527863,4,0
21,2021-2026,FALSE,TRUE,pearson,knn,3,10118309,Drugs,0.015151515,0.140904465,0.435072526,0.233151674,3,0
21,2021-2026,FALSE,TRUE,pearson,knn,3,10118309,Other theft,0,0.090471096,0.702879821,0.15506843,3,1
21,2021-2026,FALSE,TRUE,pearson,knn,3,10118309,Possession of weapons,0,0.066039004,0.674609352,0.270976419,3,0
21,2021-2026,FALSE,TRUE,pearson,knn,3,10118309,Public order,0.106060606,0.32214045,0.363159617,0.460646413,7,0
21,2021-2026,FALSE,TRUE,pearson,knn,3,10118309,Robbery,0.060606061,0.249081353,0.448284376,0.209102987,5,1
21,2021-2026,FALSE,TRUE,pearson,knn,3,10118309,Shoplifting,0.060606061,0.131183658,0.495849639,0.261264221,4,0
21,2021-2026,FALSE,TRUE,pearson,knn,3,10118309,Theft from the person,0,0.078203711,0.741517121,0.142787439,3,1
21,2021-2026,FALSE,TRUE,pearson,knn,3,10118309,Vehicle crime,0.03030303,0.09301422,0.535012942,0.129578455,3,1
21,2021-2026,FALSE,TRUE,pearson,knn,3,10118309,Violence and sexual offences,0.106060606,0.245414067,0.420330474,0.414847733,6,0
22,2021-2026,FALSE,FALSE,cosine,knn,3,9102839,Bicycle theft,0.090909091,0.176112903,0.379649372,0.175471181,4,2
22,2021-2026,FALSE,FALSE,cosine,knn,3,9102839,Burglary,0.090909091,0.242394151,0.379415857,0.307614577,5,0
22,2021-2026,FALSE,FALSE,cosine,knn,3,9102839,Criminal damage and arson,0.181818182,0.22532803,0.44898158,0.439830463,6,0
22,2021-2026,FALSE,FALSE,cosine,knn,3,9102839,Drugs,0.218181818,0.260576555,0.384010038,0.292596743,5,1
22,2021-2026,FALSE,FALSE,cosine,knn,3,9102839,Other theft,0,0.117144423,0.635108682,0.099544807,3,1
22,2021-2026,FALSE,FALSE,cosine,knn,3,9102839,Possession of weapons,0,0.065176248,0.615587103,0.284040553,3,0
22,2021-2026,FALSE,FALSE,cosine,knn,3,9102839,Public order,0.054545455,0.255280199,0.405675465,0.406519513,6,2
22,2021-2026,FALSE,FALSE,cosine,knn,3,9102839,Robbery,0.072727273,0.231642473,0.450841149,0.127641084,4,1
22,2021-2026,FALSE,FALSE,cosine,knn,3,9102839,Shoplifting,0.018181818,0.081450596,0.536328811,0.181097133,3,2
22,2021-2026,FALSE,FALSE,cosine,knn,3,9102839,Theft from the person,0.018181818,0.098303863,0.693703415,0.08839659,3,1
22,2021-2026,FALSE,FALSE,cosine,knn,3,9102839,Vehicle crime,0,0.07425576,0.630560975,0.241658975,3,0
22,2021-2026,FALSE,FALSE,cosine,knn,3,9102839,Violence and sexual offences,0.109090909,0.279550451,0.398492323,0.473678892,7,0
23,2021-2026,FALSE,FALSE,spearman,knn,3,9102839,Bicycle theft,0,0.078064768,0.698492469,0.217891468,3,0
23,2021-2026,FALSE,FALSE,spearman,knn,3,9102839,Burglary,0,0.087678243,0.670833875,0.229755323,3,0
23,2021-2026,FALSE,FALSE,spearman,knn,3,9102839,Criminal damage and arson,0,0.088701286,0.763883198,0.242269186,3,1
23,2021-2026,FALSE,FALSE,spearman,knn,3,9102839,Drugs,0.090909091,0.180712391,0.527709316,0.258109394,3,1
23,2021-2026,FALSE,FALSE,spearman,knn,3,9102839,Other theft,0.436363636,0.574515797,0.34079375,0.465266963,8,0
23,2021-2026,FALSE,FALSE,spearman,knn,3,9102839,Possession of weapons,0,0.074209039,0.806298871,0.216653459,3,1
23,2021-2026,FALSE,FALSE,spearman,knn,3,9102839,Public order,0.345454545,0.424761766,0.441392706,0.398299965,6,1
23,2021-2026,FALSE,FALSE,spearman,knn,3,9102839,Robbery,0.090909091,0.283292993,0.484749967,0.342255302,6,0
23,2021-2026,FALSE,FALSE,spearman,knn,3,9102839,Shoplifting,0.072727273,0.14728772,0.490175166,0.21233642,3,0
23,2021-2026,FALSE,FALSE,spearman,knn,3,9102839,Theft from the person,0,0.090178806,0.667700823,0.238592471,3,0
23,2021-2026,FALSE,FALSE,spearman,knn,3,9102839,Vehicle crime,0,0.080676408,0.688898755,0.217175555,3,0
23,2021-2026,FALSE,FALSE,spearman,knn,3,9102839,Violence and sexual offences,0,0.179297961,0.625889084,0.293341125,4,1
24,2021-2026,FALSE,FALSE,pearson,knn,3,9102839,Bicycle theft,0,0.091148753,0.606038039,0.198515545,3,2
24,2021-2026,FALSE,FALSE,pearson,knn,3,9102839,Burglary,0.436363636,0.479638101,0.333586135,0.390901757,8,0
24,2021-2026,FALSE,FALSE,pearson,knn,3,9102839,Criminal damage and arson,0,0.073688812,0.703400926,0.277506691,3,1
24,2021-2026,FALSE,FALSE,pearson,knn,3,9102839,Drugs,0.018181818,0.154018516,0.43483117,0.237871463,3,1
24,2021-2026,FALSE,FALSE,pearson,knn,3,9102839,Other theft,0,0.138399402,0.641901495,0.194272173,4,0
24,2021-2026,FALSE,FALSE,pearson,knn,3,9102839,Possession of weapons,0,0.066721509,0.724168443,0.260175557,3,1
24,2021-2026,FALSE,FALSE,pearson,knn,3,9102839,Public order,0.236363636,0.343581941,0.400601779,0.459633609,7,1
24,2021-2026,FALSE,FALSE,pearson,knn,3,9102839,Robbery,0.072727273,0.241897515,0.480111461,0.234444382,5,0
24,2021-2026,FALSE,FALSE,pearson,knn,3,9102839,Shoplifting,0.018181818,0.135194485,0.543317847,0.271399845,4,2
24,2021-2026,FALSE,FALSE,pearson,knn,3,9102839,Theft from the person,0,0.083169223,0.701372316,0.165482998,3,0
24,2021-2026,FALSE,FALSE,pearson,knn,3,9102839,Vehicle crime,0,0.06980572,0.651851153,0.132676541,3,0
24,2021-2026,FALSE,FALSE,pearson,knn,3,9102839,Violence and sexual offences,0.090909091,0.280238966,0.442161455,0.428822591,6,1
25,2017-2026,TRUE,TRUE,cosine,knn,3,21963692,Anti-social behaviour,0.045454545,0.189513889,0.484092633,0.396860949,5,0
25,2017-2026,TRUE,TRUE,cosine,knn,3,21963692,Bicycle theft,0.106060606,0.165799082,0.464830737,0.114365913,3,2
25,2017-2026,TRUE,TRUE,cosine,knn,3,21963692,Burglary,0,0.090202729,0.567212376,0.242419391,3,0
25,2017-2026,TRUE,TRUE,cosine,knn,3,21963692,Criminal damage and arson,0.106060606,0.189615764,0.468609329,0.394465213,5,0
25,2017-2026,TRUE,TRUE,cosine,knn,3,21963692,Drugs,0.257575758,0.338981491,0.423389684,0.222708186,5,1
25,2017-2026,TRUE,TRUE,cosine,knn,3,21963692,Other theft,0.060606061,0.201279427,0.552949228,0.090835798,4,1
25,2017-2026,TRUE,TRUE,cosine,knn,3,21963692,Possession of weapons,0,0.06459099,0.620964541,0.243722918,3,0
25,2017-2026,TRUE,TRUE,cosine,knn,3,21963692,Public order,0.227272727,0.406027135,0.356094163,0.43793888,7,2
25,2017-2026,TRUE,TRUE,cosine,knn,3,21963692,Robbery,0,0.095395536,0.757948008,0.077088046,3,1
25,2017-2026,TRUE,TRUE,cosine,knn,3,21963692,Shoplifting,0.03030303,0.108197519,0.550849805,0.177947469,3,2
25,2017-2026,TRUE,TRUE,cosine,knn,3,21963692,Theft from the person,0,0.080751595,0.801572046,0.067694965,3,1
25,2017-2026,TRUE,TRUE,cosine,knn,3,21963692,Vehicle crime,0.015151515,0.076839967,0.59913007,0.213852983,3,0
25,2017-2026,TRUE,TRUE,cosine,knn,3,21963692,Violence and sexual offences,0.287878788,0.373516571,0.363669777,0.466997734,7,0
26,2017-2026,TRUE,TRUE,spearman,knn,3,21963692,Anti-social behaviour,0,0.186167506,0.5060126,0.266242601,3,0
26,2017-2026,TRUE,TRUE,spearman,knn,3,21963692,Bicycle theft,0.106060606,0.147268043,0.466468745,0.248520312,4,0
26,2017-2026,TRUE,TRUE,spearman,knn,3,21963692,Burglary,0,0.091149,0.587686361,0.212632097,3,2
26,2017-2026,TRUE,TRUE,spearman,knn,3,21963692,Criminal damage and arson,0,0.081826104,0.814936589,0.216264842,3,1
26,2017-2026,TRUE,TRUE,spearman,knn,3,21963692,Drugs,0.03030303,0.173064866,0.450083288,0.29595568,4,0
26,2017-2026,TRUE,TRUE,spearman,knn,3,21963692,Other theft,0.393939394,0.481361031,0.274235204,0.45982413,8,0
26,2017-2026,TRUE,TRUE,spearman,knn,3,21963692,Possession of weapons,0,0.072317938,0.84659243,0.200939341,3,1
26,2017-2026,TRUE,TRUE,spearman,knn,3,21963692,Public order,0.424242424,0.493529409,0.404344503,0.375882602,6,1
26,2017-2026,TRUE,TRUE,spearman,knn,3,21963692,Robbery,0.045454545,0.21398153,0.368797782,0.282760359,5,2
26,2017-2026,TRUE,TRUE,spearman,knn,3,21963692,Shoplifting,0.121212121,0.142550795,0.515390726,0.193436357,3,0
26,2017-2026,TRUE,TRUE,spearman,knn,3,21963692,Theft from the person,0,0.13319891,0.500935859,0.29495849,4,0
26,2017-2026,TRUE,TRUE,spearman,knn,3,21963692,Vehicle crime,0,0.086777468,0.599786367,0.204963509,3,2
26,2017-2026,TRUE,TRUE,spearman,knn,3,21963692,Violence and sexual offences,0,0.084211054,0.80527244,0.219762831,3,1
27,2017-2026,TRUE,TRUE,pearson,knn,3,21963692,Anti-social behaviour,0.166666667,0.243820779,0.390042785,0.381608791,6,0
27,2017-2026,TRUE,TRUE,pearson,knn,3,21963692,Bicycle theft,0.03030303,0.087787075,0.515676895,0.161159225,3,2
27,2017-2026,TRUE,TRUE,pearson,knn,3,21963692,Burglary,0.151515152,0.314748809,0.323015575,0.27325202,6,2
27,2017-2026,TRUE,TRUE,pearson,knn,3,21963692,Criminal damage and arson,0.03030303,0.109662292,0.568568041,0.336689181,4,0
27,2017-2026,TRUE,TRUE,pearson,knn,3,21963692,Drugs,0.136363636,0.209775147,0.381866819,0.224783862,4,1
27,2017-2026,TRUE,TRUE,pearson,knn,3,21963692,Other theft,0,0.106108915,0.617042112,0.113677205,3,1
27,2017-2026,TRUE,TRUE,pearson,knn,3,21963692,Possession of weapons,0,0.050283147,0.668105414,0.222395762,3,0
27,2017-2026,TRUE,TRUE,pearson,knn,3,21963692,Public order,0.090909091,0.339995898,0.350980208,0.483068772,8,0
27,2017-2026,TRUE,TRUE,pearson,knn,3,21963692,Robbery,0.075757576,0.227370777,0.450788972,0.164828111,5,1
27,2017-2026,TRUE,TRUE,pearson,knn,3,21963692,Shoplifting,0.03030303,0.106855143,0.487367895,0.257998455,4,0
27,2017-2026,TRUE,TRUE,pearson,knn,3,21963692,Theft from the person,0.03030303,0.102287255,0.651612983,0.099822822,3,1
27,2017-2026,TRUE,TRUE,pearson,knn,3,21963692,Vehicle crime,0.060606061,0.093232643,0.531910358,0.133609581,3,2
27,2017-2026,TRUE,TRUE,pearson,knn,3,21963692,Violence and sexual offences,0.136363636,0.226388666,0.449417087,0.415406949,6,0
28,2017-2026,TRUE,FALSE,cosine,knn,3,19232627,Bicycle theft,0.090909091,0.175017689,0.470916407,0.133035452,3,2
28,2017-2026,TRUE,FALSE,cosine,knn,3,19232627,Burglary,0,0.083843552,0.702462754,0.285438942,3,0
28,2017-2026,TRUE,FALSE,cosine,knn,3,19232627,Criminal damage and arson,0.072727273,0.216257148,0.530056654,0.420609798,5,0
28,2017-2026,TRUE,FALSE,cosine,knn,3,19232627,Drugs,0.290909091,0.363941717,0.427457824,0.265795621,5,1
28,2017-2026,TRUE,FALSE,cosine,knn,3,19232627,Other theft,0.072727273,0.217406389,0.55294927,0.126447547,4,1
28,2017-2026,TRUE,FALSE,cosine,knn,3,19232627,Possession of weapons,0,0.077717726,0.643782255,0.276137945,3,0
28,2017-2026,TRUE,FALSE,cosine,knn,3,19232627,Public order,0.127272727,0.382550775,0.383719451,0.424739136,6,2
28,2017-2026,TRUE,FALSE,cosine,knn,3,19232627,Robbery,0,0.103343728,0.757947981,0.109056498,3,1
28,2017-2026,TRUE,FALSE,cosine,knn,3,19232627,Shoplifting,0.054545455,0.118491364,0.566397987,0.201110548,3,2
28,2017-2026,TRUE,FALSE,cosine,knn,3,19232627,Theft from the person,0,0.08752515,0.801572011,0.097030078,3,1
28,2017-2026,TRUE,FALSE,cosine,knn,3,19232627,Vehicle crime,0,0.073075726,0.733983587,0.262577568,3,0
28,2017-2026,TRUE,FALSE,cosine,knn,3,19232627,Violence and sexual offences,0.345454545,0.416016286,0.398316323,0.499921191,7,0
29,2017-2026,TRUE,FALSE,spearman,knn,3,19232627,Bicycle theft,0.127272727,0.180636766,0.472757729,0.280981602,4,0
29,2017-2026,TRUE,FALSE,spearman,knn,3,19232627,Burglary,0,0.104256408,0.592880777,0.241825082,3,0
29,2017-2026,TRUE,FALSE,spearman,knn,3,19232627,Criminal damage and arson,0,0.088837222,0.839159894,0.238239503,3,1
29,2017-2026,TRUE,FALSE,spearman,knn,3,19232627,Drugs,0,0.096519654,0.558794733,0.263363084,3,0
29,2017-2026,TRUE,FALSE,spearman,knn,3,19232627,Other theft,0.418181818,0.555558363,0.279647633,0.442645973,7,0
29,2017-2026,TRUE,FALSE,spearman,knn,3,19232627,Possession of weapons,0,0.078503724,0.872016212,0.22209114,3,1
29,2017-2026,TRUE,FALSE,spearman,knn,3,19232627,Public order,0.436363636,0.48740149,0.492331655,0.353839777,5,1
29,2017-2026,TRUE,FALSE,spearman,knn,3,19232627,Robbery,0.054545455,0.230757255,0.380163956,0.324764601,5,0
29,2017-2026,TRUE,FALSE,spearman,knn,3,19232627,Shoplifting,0.145454545,0.201086062,0.537055368,0.205118469,3,0
29,2017-2026,TRUE,FALSE,spearman,knn,3,19232627,Theft from the person,0,0.150547482,0.540236013,0.323854899,4,0
29,2017-2026,TRUE,FALSE,spearman,knn,3,19232627,Vehicle crime,0,0.09924267,0.605300462,0.234388882,3,0
29,2017-2026,TRUE,FALSE,spearman,knn,3,19232627,Violence and sexual offences,0,0.091445961,0.828860546,0.242122899,3,1
30,2017-2026,TRUE,FALSE,pearson,knn,3,19232627,Bicycle theft,0,0.08165515,0.616810946,0.193909638,3,2
30,2017-2026,TRUE,FALSE,pearson,knn,3,19232627,Burglary,0.345454545,0.422528013,0.318716516,0.36829883,7,0
30,2017-2026,TRUE,FALSE,pearson,knn,3,19232627,Criminal damage and arson,0.072727273,0.14028248,0.534535129,0.337932597,4,1
30,2017-2026,TRUE,FALSE,pearson,knn,3,19232627,Drugs,0.127272727,0.228894038,0.393060998,0.262417116,4,1
30,2017-2026,TRUE,FALSE,pearson,knn,3,19232627,Other theft,0,0.155762866,0.576321917,0.203732391,4,0
30,2017-2026,TRUE,FALSE,pearson,knn,3,19232627,Possession of weapons,0,0.058677788,0.716574907,0.233381722,3,1
30,2017-2026,TRUE,FALSE,pearson,knn,3,19232627,Public order,0.054545455,0.328825944,0.390131682,0.469641277,7,1
30,2017-2026,TRUE,FALSE,pearson,knn,3,19232627,Robbery,0.072727273,0.224456402,0.478943552,0.249706731,5,0
30,2017-2026,TRUE,FALSE,pearson,knn,3,19232627,Shoplifting,0.072727273,0.134654661,0.509220158,0.274458502,4,2
30,2017-2026,TRUE,FALSE,pearson,knn,3,19232627,Theft from the person,0.018181818,0.10952808,0.6255103,0.161852253,3,0
30,2017-2026,TRUE,FALSE,pearson,knn,3,19232627,Vehicle crime,0,0.081714825,0.664414106,0.145241673,3,0
30,2017-2026,TRUE,FALSE,pearson,knn,3,19232627,Violence and sexual offences,0.127272727,0.210554295,0.480020167,0.377073972,5,1
31,2017-2026,FALSE,TRUE,cosine,knn,3,17108534,Anti-social behaviour,0.227272727,0.285091391,0.425062739,0.426320273,6,1
31,2017-2026,FALSE,TRUE,cosine,knn,3,17108534,Bicycle theft,0.075757576,0.146959619,0.468251127,0.108751863,3,0
31,2017-2026,FALSE,TRUE,cosine,knn,3,17108534,Burglary,0,0.076690414,0.692400708,0.230361624,3,1
31,2017-2026,FALSE,TRUE,cosine,knn,3,17108534,Criminal damage and arson,0.090909091,0.249452972,0.448215394,0.415449571,6,1
31,2017-2026,FALSE,TRUE,cosine,knn,3,17108534,Drugs,0.287878788,0.378113902,0.374938955,0.28963017,6,2
31,2017-2026,FALSE,TRUE,cosine,knn,3,17108534,Other theft,0.060606061,0.194426542,0.545145821,0.103963038,4,2
31,2017-2026,FALSE,TRUE,cosine,knn,3,17108534,Possession of weapons,0,0.06383672,0.617385027,0.213052576,3,0
31,2017-2026,FALSE,TRUE,cosine,knn,3,17108534,Public order,0.121212121,0.349335565,0.365779517,0.42577542,7,0
31,2017-2026,FALSE,TRUE,cosine,knn,3,17108534,Robbery,0,0.097342388,0.739274572,0.092355368,3,2
31,2017-2026,FALSE,TRUE,cosine,knn,3,17108534,Shoplifting,0.015151515,0.099217215,0.562730446,0.163279493,3,0
31,2017-2026,FALSE,TRUE,cosine,knn,3,17108534,Theft from the person,0,0.081857238,0.784766888,0.080255088,3,2
31,2017-2026,FALSE,TRUE,cosine,knn,3,17108534,Vehicle crime,0,0.068639268,0.717498044,0.21448337,3,1
31,2017-2026,FALSE,TRUE,cosine,knn,3,17108534,Violence and sexual offences,0.151515152,0.263477143,0.421736108,0.414433919,6,0
32,2017-2026,FALSE,TRUE,spearman,knn,3,17108534,Anti-social behaviour,0,0.187829296,0.505269419,0.271667037,3,0
32,2017-2026,FALSE,TRUE,spearman,knn,3,17108534,Bicycle theft,0.106060606,0.146816899,0.466112287,0.246404881,4,0
32,2017-2026,FALSE,TRUE,spearman,knn,3,17108534,Burglary,0,0.090415223,0.588804976,0.208897061,3,2
32,2017-2026,FALSE,TRUE,spearman,knn,3,17108534,Criminal damage and arson,0,0.08229138,0.812202813,0.216102052,3,1
32,2017-2026,FALSE,TRUE,spearman,knn,3,17108534,Drugs,0.03030303,0.172916607,0.45028218,0.295157614,4,0
32,2017-2026,FALSE,TRUE,spearman,knn,3,17108534,Other theft,0.393939394,0.480078375,0.274935845,0.460787323,8,0
32,2017-2026,FALSE,TRUE,spearman,knn,3,17108534,Possession of weapons,0,0.071125368,0.849146542,0.198049324,3,1
32,2017-2026,FALSE,TRUE,spearman,knn,3,17108534,Public order,0.424242424,0.494363062,0.400896087,0.380183823,6,1
32,2017-2026,FALSE,TRUE,spearman,knn,3,17108534,Robbery,0.045454545,0.214239751,0.368201629,0.279398472,5,2
32,2017-2026,FALSE,TRUE,spearman,knn,3,17108534,Shoplifting,0.121212121,0.143196735,0.515916335,0.197214567,3,0
32,2017-2026,FALSE,TRUE,spearman,knn,3,17108534,Theft from the person,0,0.132722179,0.500623724,0.292132203,4,0
32,2017-2026,FALSE,TRUE,spearman,knn,3,17108534,Vehicle crime,0,0.087173227,0.597424998,0.2028681,3,2
32,2017-2026,FALSE,TRUE,spearman,knn,3,17108534,Violence and sexual offences,0,0.085054713,0.801012011,0.220189799,3,1
33,2017-2026,FALSE,TRUE,pearson,knn,3,17108534,Anti-social behaviour,0.166666667,0.244335643,0.393239418,0.386770382,6,0
33,2017-2026,FALSE,TRUE,pearson,knn,3,17108534,Bicycle theft,0.03030303,0.087020514,0.517179723,0.162086792,3,2
33,2017-2026,FALSE,TRUE,pearson,knn,3,17108534,Burglary,0.166666667,0.313490555,0.323573992,0.27342595,6,2
33,2017-2026,FALSE,TRUE,pearson,knn,3,17108534,Criminal damage and arson,0.03030303,0.10970818,0.56773785,0.332705896,4,0
33,2017-2026,FALSE,TRUE,pearson,knn,3,17108534,Drugs,0.121212121,0.210875013,0.382630064,0.229636451,4,1
33,2017-2026,FALSE,TRUE,pearson,knn,3,17108534,Other theft,0,0.10630165,0.618397879,0.115095612,3,1
33,2017-2026,FALSE,TRUE,pearson,knn,3,17108534,Possession of weapons,0,0.046768125,0.670118406,0.204591417,3,0
33,2017-2026,FALSE,TRUE,pearson,knn,3,17108534,Public order,0.106060606,0.339439826,0.351766199,0.4829544,8,0
33,2017-2026,FALSE,TRUE,pearson,knn,3,17108534,Robbery,0.075757576,0.227182607,0.451527895,0.166175979,5,1
33,2017-2026,FALSE,TRUE,pearson,knn,3,17108534,Shoplifting,0.03030303,0.107444319,0.490883736,0.263103666,4,0
33,2017-2026,FALSE,TRUE,pearson,knn,3,17108534,Theft from the person,0.03030303,0.101877705,0.652877038,0.101089316,3,1
33,2017-2026,FALSE,TRUE,pearson,knn,3,17108534,Vehicle crime,0.060606061,0.091904416,0.530852086,0.13245431,3,2
33,2017-2026,FALSE,TRUE,pearson,knn,3,17108534,Violence and sexual offences,0.121212121,0.22790595,0.448532484,0.415930151,6,0
34,2017-2026,FALSE,FALSE,cosine,knn,3,15129568,Bicycle theft,0.090909091,0.172714306,0.474664536,0.135089464,3,2
34,2017-2026,FALSE,FALSE,cosine,knn,3,15129568,Burglary,0,0.083907032,0.705226828,0.287617657,3,0
34,2017-2026,FALSE,FALSE,cosine,knn,3,15129568,Criminal damage and arson,0.072727273,0.216481199,0.529688772,0.418014754,5,0
34,2017-2026,FALSE,FALSE,cosine,knn,3,15129568,Drugs,0.290909091,0.365603316,0.426436363,0.272284783,5,1
34,2017-2026,FALSE,FALSE,cosine,knn,3,15129568,Other theft,0.072727273,0.215797276,0.556755206,0.129640437,4,1
34,2017-2026,FALSE,FALSE,cosine,knn,3,15129568,Possession of weapons,0,0.073330101,0.645427022,0.259633429,3,0
34,2017-2026,FALSE,FALSE,cosine,knn,3,15129568,Public order,0.127272727,0.38129537,0.382697274,0.42381782,6,2
34,2017-2026,FALSE,FALSE,cosine,knn,3,15129568,Robbery,0,0.103896769,0.757314175,0.11272769,3,1
34,2017-2026,FALSE,FALSE,cosine,knn,3,15129568,Shoplifting,0.054545455,0.118769263,0.56894853,0.205644605,3,2
34,2017-2026,FALSE,FALSE,cosine,knn,3,15129568,Theft from the person,0,0.087654174,0.802038853,0.10019242,3,1
34,2017-2026,FALSE,FALSE,cosine,knn,3,15129568,Vehicle crime,0,0.073490645,0.73566835,0.265386565,3,0
34,2017-2026,FALSE,FALSE,cosine,knn,3,15129568,Violence and sexual offences,0.345454545,0.418575257,0.396901459,0.500847374,7,0
35,2017-2026,FALSE,FALSE,spearman,knn,3,15129568,Bicycle theft,0.127272727,0.180413593,0.472483384,0.280550757,4,0
35,2017-2026,FALSE,FALSE,spearman,knn,3,15129568,Burglary,0,0.103485094,0.594053292,0.239346225,3,0
35,2017-2026,FALSE,FALSE,spearman,knn,3,15129568,Criminal damage and arson,0,0.089343618,0.836845408,0.238233253,3,1
35,2017-2026,FALSE,FALSE,spearman,knn,3,15129568,Drugs,0,0.096213921,0.560387846,0.262428445,3,0
35,2017-2026,FALSE,FALSE,spearman,knn,3,15129568,Other theft,0.418181818,0.554946869,0.2795237,0.443987689,7,0
35,2017-2026,FALSE,FALSE,spearman,knn,3,15129568,Possession of weapons,0,0.077203301,0.875187135,0.219224205,3,1
35,2017-2026,FALSE,FALSE,spearman,knn,3,15129568,Public order,0.436363636,0.48758589,0.489250243,0.3560741,5,1
35,2017-2026,FALSE,FALSE,spearman,knn,3,15129568,Robbery,0.054545455,0.231181044,0.379718604,0.323531022,5,0
35,2017-2026,FALSE,FALSE,spearman,knn,3,15129568,Shoplifting,0.145454545,0.202354289,0.538200703,0.209685044,3,0
35,2017-2026,FALSE,FALSE,spearman,knn,3,15129568,Theft from the person,0,0.150200079,0.540322293,0.322853334,4,0
35,2017-2026,FALSE,FALSE,spearman,knn,3,15129568,Vehicle crime,0,0.099768391,0.602883585,0.233705123,3,0
35,2017-2026,FALSE,FALSE,spearman,knn,3,15129568,Violence and sexual offences,0,0.092368091,0.824932816,0.242724745,3,1
36,2017-2026,FALSE,FALSE,pearson,knn,3,15129568,Bicycle theft,0,0.070456746,0.607493786,0.186393081,3,0
36,2017-2026,FALSE,FALSE,pearson,knn,3,15129568,Burglary,0.363636364,0.443574747,0.318012722,0.414450956,8,1
36,2017-2026,FALSE,FALSE,pearson,knn,3,15129568,Criminal damage and arson,0.072727273,0.121182023,0.561762958,0.324428555,4,0
36,2017-2026,FALSE,FALSE,pearson,knn,3,15129568,Drugs,0.109090909,0.210535981,0.387766331,0.250107378,4,0
36,2017-2026,FALSE,FALSE,pearson,knn,3,15129568,Other theft,0,0.153874282,0.570220105,0.193140788,4,1
36,2017-2026,FALSE,FALSE,pearson,knn,3,15129568,Possession of weapons,0,0.051054442,0.696633607,0.20468438,3,0
36,2017-2026,FALSE,FALSE,pearson,knn,3,15129568,Public order,0.054545455,0.300252198,0.404290434,0.448803599,7,0
36,2017-2026,FALSE,FALSE,pearson,knn,3,15129568,Robbery,0.072727273,0.216200923,0.474556279,0.235051808,5,1
36,2017-2026,FALSE,FALSE,pearson,knn,3,15129568,Shoplifting,0.018181818,0.115995095,0.541374036,0.271956068,4,0
36,2017-2026,FALSE,FALSE,pearson,knn,3,15129568,Theft from the person,0.018181818,0.10277044,0.626963776,0.144576802,3,1
36,2017-2026,FALSE,FALSE,pearson,knn,3,15129568,Vehicle crime,0,0.080086358,0.651960849,0.14046217,3,1
36,2017-2026,FALSE,FALSE,pearson,knn,3,15129568,Violence and sexual offences,0.127272727,0.240907477,0.440983725,0.418587121,6,0
