config_id,time_frame,covid_included,ASB_included,presence_threshold,edge_method,edge_param,n_rows_used,crime_type,betweenness,current_flow_betweenness,constraint,eigenvector,degree,community_id
1,2017-2020,True,True,2,knn,3,21908018,Anti-social behaviour,0.0,0.06574579643316958,0.6091301978572481,0.10516487285480709,3,0
1,2017-2020,True,True,2,knn,3,21908018,Bicycle theft,0.0,0.1898627752564376,0.48358744631555023,0.38139434799254207,7,1
1,2017-2020,True,True,2,knn,3,21908018,Burglary,0.0,0.05326299957937669,0.6100126594758317,0.12964483092286633,3,0
1,2017-2020,True,True,2,knn,3,21908018,Criminal damage and arson,0.0,0.06769946956033637,0.6007460253187987,0.11702772541631007,3,1
1,2017-2020,True,True,2,knn,3,21908018,Drugs,0.0,0.0297584237369903,0.6085930804192448,0.23576146255337094,3,0
1,2017-2020,True,True,2,knn,3,21908018,Other theft,0.0,0.0590319998727834,0.6014645751172663,0.13451166196062714,3,1
1,2017-2020,True,True,2,knn,3,21908018,Possession of weapons,0.06060606060606061,0.3840572419367807,0.403541396812254,0.46226139531029625,12,1
1,2017-2020,True,True,2,knn,3,21908018,Public order,0.0,0.057200674730582365,0.6006608719892421,0.1391834551238171,3,1
1,2017-2020,True,True,2,knn,3,21908018,Robbery,0.0,0.22400321391601616,0.4708480864546673,0.4096647323768791,8,0
1,2017-2020,True,True,2,knn,3,21908018,Shoplifting,0.0,0.03752507386812222,0.6018236791672724,0.21422585845979683,3,1
1,2017-2020,True,True,2,knn,3,21908018,Theft from the person,0.6212121212121212,0.36532474316170815,0.385048536404923,0.5147578694462176,12,0
1,2017-2020,True,True,2,knn,3,21908018,Vehicle crime,0.0,0.05234270312375223,0.610420079298198,0.13154880873028993,3,0
1,2017-2020,True,True,2,knn,3,21908018,Violence and sexual offences,0.0,0.06829947734377284,0.609138588178108,0.101204146708904,3,0
2,2017-2020,True,True,3,knn,3,21908018,Anti-social behaviour,0.0,0.07996416603547858,0.6786303404111959,0.06860284640564647,3,0
2,2017-2020,True,True,3,knn,3,21908018,Bicycle theft,0.0,0.18714375020688875,0.5448108911379862,0.38750580783318406,7,1
2,2017-2020,True,True,3,knn,3,21908018,Burglary,0.0,0.054374085353463726,0.6791093674153528,0.10092402651993654,3,0
2,2017-2020,True,True,3,knn,3,21908018,Criminal damage and arson,0.0,0.08047232799747692,0.6688767635008628,0.08369036617312561,3,1
2,2017-2020,True,True,3,knn,3,21908018,Drugs,0.0,0.02319080729751104,0.6779384334187569,0.24177110920867353,3,0
2,2017-2020,True,True,3,knn,3,21908018,Other theft,0.0,0.06209430025767113,0.6693637278406563,0.10871023478275674,3,1
2,2017-2020,True,True,3,knn,3,21908018,Possession of weapons,0.2727272727272727,0.37776598466274697,0.45220920009619997,0.49297236148303647,12,0
2,2017-2020,True,True,3,knn,3,21908018,Public order,0.0,0.061678650333545935,0.6687396660978324,0.10990253742882548,3,1
2,2017-2020,True,True,3,knn,3,21908018,Robbery,0.015151515151515152,0.22166596866514476,0.5373972290779845,0.424677092460818,8,0
2,2017-2020,True,True,3,knn,3,21908018,Shoplifting,0.0,0.03911418524358955,0.668888080944021,0.17515302591962287,3,1
2,2017-2020,True,True,3,knn,3,21908018,Theft from the person,0.3939393939393939,0.3739475841674855,0.4391509665011766,0.5268437058761047,12,0
2,2017-2020,True,True,3,knn,3,21908018,Vehicle crime,0.0,0.05460469872958495,0.6800873752143781,0.09978384993248465,3,0
2,2017-2020,True,True,3,knn,3,21908018,Violence and sexual offences,0.0,0.08643140426943119,0.6786753072647099,0.0634140209184474,3,0
3,2017-2020,True,True,5,knn,3,21908018,Anti-social behaviour,0.0,0.12488574857104555,0.7585686949880006,0.0360248034629379,3,0
3,2017-2020,True,True,5,knn,3,21908018,Bicycle theft,0.0,0.2117205532298863,0.6196663416252183,0.38013010755513205,7,1
3,2017-2020,True,True,5,knn,3,21908018,Burglary,0.0,0.0579960186385688,0.7582932968156485,0.07815393736173801,3,0
3,2017-2020,True,True,5,knn,3,21908018,Criminal damage and arson,0.0,0.1344361159543766,0.6264959383241127,0.04406989421563565,3,1
3,2017-2020,True,True,5,knn,3,21908018,Drugs,0.0,0.12733340830512946,0.6750601081283654,0.2541145439257426,5,0
3,2017-2020,True,True,5,knn,3,21908018,Other theft,0.0,0.06976441540042236,0.7422443027742986,0.08268402390929645,3,1
3,2017-2020,True,True,5,knn,3,21908018,Possession of weapons,0.7575757575757576,0.3819005330820225,0.47458460369372585,0.5444049277927798,12,0
3,2017-2020,True,True,5,knn,3,21908018,Public order,0.0,0.0735365280620469,0.7435278688783566,0.07979795677697624,3,1
3,2017-2020,True,True,5,knn,3,21908018,Robbery,0.015151515151515152,0.2292145367070848,0.614048716186386,0.4395998817655569,8,0
3,2017-2020,True,True,5,knn,3,21908018,Shoplifting,0.0,0.05038216357432539,0.745197827689564,0.1187250118837344,3,1
3,2017-2020,True,True,5,knn,3,21908018,Theft from the person,0.0,0.29750140860835017,0.5438022118616402,0.5091696340945433,10,0
3,2017-2020,True,True,5,knn,3,21908018,Vehicle crime,0.0,0.06501511873364829,0.75898783821293,0.06907871422837515,3,0
3,2017-2020,True,True,5,knn,3,21908018,Violence and sexual offences,0.0,0.170526982183219,0.7172526711743379,0.02507116412327867,3,0
4,2017-2020,True,False,2,knn,3,18123782,Bicycle theft,0.0,0.20732410190803052,0.4934516631897492,0.38709827464749286,7,1
4,2017-2020,True,False,2,knn,3,18123782,Burglary,0.0,0.06669673997303834,0.6274501107622156,0.13118376796455472,3,0
4,2017-2020,True,False,2,knn,3,18123782,Criminal damage and arson,0.0,0.07419838018099316,0.6088371290601436,0.11898932599948399,3,1
4,2017-2020,True,False,2,knn,3,18123782,Drugs,0.0,0.03725465305198028,0.6256657824178833,0.23858777865864778,3,0
4,2017-2020,True,False,2,knn,3,18123782,Other theft,0.0,0.06469104385699366,0.6095539880747911,0.1367666489949083,3,1
4,2017-2020,True,False,2,knn,3,18123782,Possession of weapons,0.05454545454545454,0.38021811354041335,0.4212877116098427,0.4627746876534019,11,1
4,2017-2020,True,False,2,knn,3,18123782,Public order,0.0,0.06266959200358882,0.608798815979401,0.14150742453266515,3,1
4,2017-2020,True,False,2,knn,3,18123782,Robbery,0.0,0.2035275716346731,0.4946498339521498,0.4087040838336103,7,0
4,2017-2020,True,False,2,knn,3,18123782,Shoplifting,0.0,0.041075434579495626,0.6100208112540022,0.21778250561214096,3,1
4,2017-2020,True,False,2,knn,3,18123782,Theft from the person,0.6,0.35949236871376783,0.40034669766676995,0.5160430460265234,11,0
4,2017-2020,True,False,2,knn,3,18123782,Vehicle crime,0.0,0.06555422634669289,0.6279070792263656,0.13310823722418666,3,0
4,2017-2020,True,False,2,knn,3,18123782,Violence and sexual offences,0.0,0.08550421884552677,0.6265267587978419,0.10240508722896911,3,0
5,2017-2020,True,False,3,knn,3,18123782,Bicycle theft,0.0,0.20476486216276785,0.5536328139279313,0.389908919851681,7,1
5,2017-2020,True,False,3,knn,3,18123782,Burglary,0.0,0.07085703081029457,0.6934540314046665,0.10147292363424372,3,0
5,2017-2020,True,False,3,knn,3,18123782,Criminal damage and arson,0.0,0.08853453508914695,0.6758235754097968,0.08429461773667034,3,1
5,2017-2020,True,False,3,knn,3,18123782,Drugs,0.0,0.030231976248136727,0.6919057038379317,0.24309835142007277,3,0
5,2017-2020,True,False,3,knn,3,18123782,Other theft,0.0,0.06829993183134828,0.6763104337833669,0.10949503260850642,3,1
5,2017-2020,True,False,3,knn,3,18123782,Possession of weapons,0.2545454545454545,0.3732023606296229,0.4672387633088821,0.49345311233918493,11,0
5,2017-2020,True,False,3,knn,3,18123782,Public order,0.0,0.06782253775968804,0.675744303986879,0.11069249552334966,3,1
5,2017-2020,True,False,3,knn,3,18123782,Robbery,0.01818181818181818,0.20010988812220373,0.5592811609680632,0.4245230019987435,7,0
5,2017-2020,True,False,3,knn,3,18123782,Shoplifting,0.0,0.04296475147316579,0.6759934354097603,0.17640181576463856,3,1
5,2017-2020,True,False,3,knn,3,18123782,Theft from the person,0.3818181818181818,0.36811101526919016,0.452743485351385,0.5275094758781528,11,0
5,2017-2020,True,False,3,knn,3,18123782,Vehicle crime,0.0,0.07117796793762285,0.6945250106267669,0.10032514875943695,3,0
5,2017-2020,True,False,3,knn,3,18123782,Violence and sexual offences,0.0,0.11262691070075859,0.6930225581687449,0.0637586205340072,3,0
6,2017-2020,True,False,5,knn,3,18123782,Bicycle theft,0.0,0.23393719903129429,0.6261121621046639,0.3807748882534988,7,0
6,2017-2020,True,False,5,knn,3,18123782,Burglary,0.0,0.08565203548667423,0.7678829319881141,0.07827802160406498,3,0
6,2017-2020,True,False,5,knn,3,18123782,Criminal damage and arson,0.0,0.1471932708010491,0.6278082282521288,0.044173044171326926,3,1
6,2017-2020,True,False,5,knn,3,18123782,Drugs,0.0,0.14605389990793805,0.6828813598698422,0.25452699566298803,5,1
6,2017-2020,True,False,5,knn,3,18123782,Other theft,0.0,0.08100978219045879,0.7471184064969916,0.0828499342816391,3,0
6,2017-2020,True,False,5,knn,3,18123782,Possession of weapons,0.7454545454545454,0.3772159614369914,0.48367957408246814,0.5446427077396339,11,0
6,2017-2020,True,False,5,knn,3,18123782,Public order,0.0,0.0851186191130338,0.748414453096562,0.07995747479685257,3,0
6,2017-2020,True,False,5,knn,3,18123782,Robbery,0.01818181818181818,0.19850288726831342,0.6298950964354921,0.4396204499544125,7,0
6,2017-2020,True,False,5,knn,3,18123782,Shoplifting,0.0,0.05811052923940077,0.7501432997066393,0.11896052329836487,3,0
6,2017-2020,True,False,5,knn,3,18123782,Theft from the person,0.0,0.2751319326761298,0.555522810696209,0.5093321154156382,9,0
6,2017-2020,True,False,5,knn,3,18123782,Vehicle crime,0.0,0.0959490000066119,0.7686786046444313,0.06918790261260917,3,0
6,2017-2020,True,False,5,knn,3,18123782,Violence and sexual offences,0.0,0.20055548255472883,0.7220531570614099,0.02511736835611933,3,1
7,2017-2020,False,True,2,knn,3,16593170,Anti-social behaviour,0.0,0.06901189006153444,0.6210522743280724,0.09563623108776367,3,0
7,2017-2020,False,True,2,knn,3,16593170,Bicycle theft,0.0,0.19018832269827032,0.493554430565279,0.378267737981879,7,1
7,2017-2020,False,True,2,knn,3,16593170,Burglary,0.0,0.05445416752300756,0.6220475274710976,0.1209678691396056,3,0
7,2017-2020,False,True,2,knn,3,16593170,Criminal damage and arson,0.0,0.0705956790398668,0.6127064601397959,0.10904525157584748,3,1
7,2017-2020,False,True,2,knn,3,16593170,Drugs,0.0,0.026595077462981717,0.6202027680651017,0.25300575589928664,3,0
7,2017-2020,False,True,2,knn,3,16593170,Other theft,0.0,0.06004092211057604,0.613498602460328,0.12866850170950256,3,1
7,2017-2020,False,True,2,knn,3,16593170,Possession of weapons,0.07575757575757576,0.38236038874313105,0.4118644800041403,0.4707065519156159,12,1
7,2017-2020,False,True,2,knn,3,16593170,Public order,0.0,0.05600105781201024,0.6125466859223125,0.13856179395432763,3,1
7,2017-2020,False,True,2,knn,3,16593170,Robbery,0.0,0.22526478382960938,0.48461994101003186,0.40981404779918984,8,0
7,2017-2020,False,True,2,knn,3,16593170,Shoplifting,0.0,0.03814097996186052,0.6134795652443593,0.20482236364534215,3,1
7,2017-2020,False,True,2,knn,3,16593170,Theft from the person,0.6060606060606061,0.3660524972081706,0.39423681480702716,0.5164542526165856,12,0
7,2017-2020,False,True,2,knn,3,16593170,Vehicle crime,0.0,0.053326180485344536,0.6225935237204551,0.1230444555576649,3,0
7,2017-2020,False,True,2,knn,3,16593170,Violence and sexual offences,0.0,0.07305624504192854,0.6211017221793891,0.09026031978370487,3,0
8,2017-2020,False,True,3,knn,3,16593170,Anti-social behaviour,0.0,0.08340650174970098,0.6884130706952477,0.0606348466165643,3,0
8,2017-2020,False,True,3,knn,3,16593170,Bicycle theft,0.0,0.1876181166761389,0.5559449603063658,0.38052633915489076,7,1
8,2017-2020,False,True,3,knn,3,16593170,Burglary,0.0,0.05511448769650345,0.6888175256099993,0.09170268957828136,3,0
8,2017-2020,False,True,3,knn,3,16593170,Criminal damage and arson,0.0,0.08389434019637723,0.680991699241713,0.07629769821396046,3,1
8,2017-2020,False,True,3,knn,3,16593170,Drugs,0.0,0.01962564718054949,0.6885455615746408,0.2663116930024018,3,0
8,2017-2020,False,True,3,knn,3,16593170,Other theft,0.0,0.0625676159466592,0.6807585654959931,0.10253751704502159,3,1
8,2017-2020,False,True,3,knn,3,16593170,Possession of weapons,0.3787878787878788,0.372095302554484,0.45482215904830287,0.5081279538109552,12,0
8,2017-2020,False,True,3,knn,3,16593170,Public order,0.0,0.058971822118363444,0.6805835851357731,0.1095853864886334,3,1
8,2017-2020,False,True,3,knn,3,16593170,Robbery,0.015151515151515152,0.22444908313379447,0.5552270629334927,0.4215509121497078,8,0
8,2017-2020,False,True,3,knn,3,16593170,Shoplifting,0.0,0.04049588168943517,0.68052817696016,0.1605932905342376,3,1
8,2017-2020,False,True,3,knn,3,16593170,Theft from the person,0.2878787878787879,0.37862770946938074,0.4559919086266039,0.5206087988211999,12,0
8,2017-2020,False,True,3,knn,3,16593170,Vehicle crime,0.0,0.05533551904924871,0.6897541844848838,0.09057779899727719,3,0
8,2017-2020,False,True,3,knn,3,16593170,Violence and sexual offences,0.0,0.09337669531787257,0.6885561153960125,0.0540400626283879,3,0
9,2017-2020,False,True,5,knn,3,16593170,Anti-social behaviour,0.0,0.1275582051070509,0.7541560459620921,0.03301123158983967,3,0
9,2017-2020,False,True,5,knn,3,16593170,Bicycle theft,0.0,0.21318879380311995,0.6221246316889986,0.3703932150038961,7,1
9,2017-2020,False,True,5,knn,3,16593170,Burglary,0.0,0.058543176231549886,0.754067578338165,0.07294191518070582,3,0
9,2017-2020,False,True,5,knn,3,16593170,Criminal damage and arson,0.0,0.13604822921676896,0.6603023158425332,0.043304135372140125,3,1
9,2017-2020,False,True,5,knn,3,16593170,Drugs,0.0,0.12599512765616688,0.691712465238246,0.29081307041828613,5,0
9,2017-2020,False,True,5,knn,3,16593170,Other theft,0.0,0.0700268286191595,0.7386806565948267,0.07858087787257213,3,1
9,2017-2020,False,True,5,knn,3,16593170,Possession of weapons,0.7727272727272727,0.3767123390327765,0.46393726724381174,0.5547225925006289,12,0
9,2017-2020,False,True,5,knn,3,16593170,Public order,0.0,0.06750386080376512,0.7411984235847484,0.08375456073177143,3,1
9,2017-2020,False,True,5,knn,3,16593170,Robbery,0.0,0.23224674786480934,0.6251499442326666,0.43889262798890105,8,0
9,2017-2020,False,True,5,knn,3,16593170,Shoplifting,0.0,0.05467182065419343,0.742992559626429,0.10485090918996193,3,1
9,2017-2020,False,True,5,knn,3,16593170,Theft from the person,0.0,0.3019029702859326,0.5610309432344748,0.4907478698966713,10,0
9,2017-2020,False,True,5,knn,3,16593170,Vehicle crime,0.0,0.06606771244875076,0.754849316763578,0.06403329491776459,3,0
9,2017-2020,False,True,5,knn,3,16593170,Violence and sexual offences,0.0,0.1866051787454897,0.7468973429435843,0.02213570967926032,3,0
10,2017-2020,False,False,2,knn,3,13852713,Bicycle theft,0.0,0.20780927147859812,0.5030245777104484,0.38291548237282197,7,1
10,2017-2020,False,False,2,knn,3,13852713,Burglary,0.0,0.06877914646155946,0.638649478010663,0.12217259146975788,3,0
10,2017-2020,False,False,2,knn,3,13852713,Criminal damage and arson,0.0,0.0774520617144859,0.6204418468622431,0.11055632292613689,3,1
10,2017-2020,False,False,2,knn,3,13852713,Drugs,0.0,0.03358577583566409,0.6363257943309131,0.25555573764325107,3,0
10,2017-2020,False,False,2,knn,3,13852713,Other theft,0.0,0.06585527632151084,0.6212375814465594,0.1304505117936242,3,1
10,2017-2020,False,False,2,knn,3,13852713,Possession of weapons,0.07272727272727272,0.37825080102985487,0.4288987817304585,0.4712691090126328,11,1
10,2017-2020,False,False,2,knn,3,13852713,Public order,0.0,0.06140350339222976,0.620356185464285,0.14047013500502886,3,1
10,2017-2020,False,False,2,knn,3,13852713,Robbery,0.0,0.20460970684366928,0.50818403118444,0.40909860274766013,7,0
10,2017-2020,False,False,2,knn,3,13852713,Shoplifting,0.0,0.041794440051965996,0.6213211748443119,0.2076338177614033,3,1
10,2017-2020,False,False,2,knn,3,13852713,Theft from the person,0.5818181818181818,0.3602252619675069,0.40911410125405456,0.517540815170303,11,0
10,2017-2020,False,False,2,knn,3,13852713,Vehicle crime,0.0,0.06736781463372332,0.6392586570302402,0.12426765702614112,3,0
10,2017-2020,False,False,2,knn,3,13852713,Violence and sexual offences,0.0,0.09225187742120847,0.6376554851371669,0.09115905170709088,3,0
11,2017-2020,False,False,3,knn,3,13852713,Bicycle theft,0.0,0.20531952727434852,0.5641269428716343,0.38236014532870005,7,1
11,2017-2020,False,False,3,knn,3,13852713,Burglary,0.0,0.07243065040069219,0.7019821586603842,0.09209567604463814,3,0
11,2017-2020,False,False,3,knn,3,13852713,Criminal damage and arson,0.0,0.09233313042090921,0.6873845177817118,0.07672720366819437,3,1
11,2017-2020,False,False,3,knn,3,13852713,Drugs,0.0,0.025804308079494895,0.7011989631253707,0.2674681961454174,3,0
11,2017-2020,False,False,3,knn,3,13852713,Other theft,0.0,0.06884766888959407,0.6871670981665119,0.10311398049815103,3,1
11,2017-2020,False,False,3,knn,3,13852713,Possession of weapons,0.36363636363636365,0.36709431129997083,0.46840507343053384,0.5085895263695562,11,0
11,2017-2020,False,False,3,knn,3,13852713,Public order,0.0,0.06485325433467598,0.6870594263654496,0.11019817783896872,3,1
11,2017-2020,False,False,3,knn,3,13852713,Robbery,0.01818181818181818,0.20262470474026364,0.5762225196143675,0.42144528604169496,7,0
11,2017-2020,False,False,3,knn,3,13852713,Shoplifting,0.0,0.04450887241809612,0.6870617512994568,0.16148702328471193,3,1
11,2017-2020,False,False,3,knn,3,13852713,Theft from the person,0.2727272727272727,0.3731097657587423,0.4692459612632768,0.5210942295051662,11,0
11,2017-2020,False,False,3,knn,3,13852713,Vehicle crime,0.0,0.07275071378524342,0.7030152323792838,0.0909647628743316,3,0
11,2017-2020,False,False,3,knn,3,13852713,Violence and sexual offences,0.0,0.12272144917279855,0.7017293788187052,0.0542715059268817,3,0
12,2017-2020,False,False,5,knn,3,13852713,Bicycle theft,0.0,0.23574371418699344,0.628043086854129,0.37091734772638885,7,1
12,2017-2020,False,False,5,knn,3,13852713,Burglary,0.0,0.08710727724463622,0.7628780654633955,0.07303868268834098,3,0
12,2017-2020,False,False,5,knn,3,13852713,Criminal damage and arson,0.0,0.14925481322507594,0.6616383123699084,0.04338918239100563,3,1
12,2017-2020,False,False,5,knn,3,13852713,Drugs,0.0,0.14392397852405914,0.6990169752790993,0.2912088663669002,5,0
12,2017-2020,False,False,5,knn,3,13852713,Other theft,0.0,0.08153489251767453,0.7431702530430329,0.07871174793077033,3,1
12,2017-2020,False,False,5,knn,3,13852713,Possession of weapons,0.7636363636363636,0.37248404240582733,0.47211876338870024,0.5549345761516457,11,0
12,2017-2020,False,False,5,knn,3,13852713,Public order,0.0,0.07824658441792538,0.7456933536476607,0.08389337401943144,3,1
12,2017-2020,False,False,5,knn,3,13852713,Robbery,0.0,0.20118538579748935,0.6402555029370827,0.43891181019099407,7,0
12,2017-2020,False,False,5,knn,3,13852713,Shoplifting,0.0,0.06323672058981906,0.7474854467282526,0.10502428441814328,3,1
12,2017-2020,False,False,5,knn,3,13852713,Theft from the person,0.0,0.27926187615927434,0.5727665493343205,0.49085447311273683,9,0
12,2017-2020,False,False,5,knn,3,13852713,Vehicle crime,0.0,0.0982606372748931,0.7637674830414944,0.0641178269422964,3,0
12,2017-2020,False,False,5,knn,3,13852713,Violence and sexual offences,0.0,0.21875483894484762,0.7517143281685288,0.02217067348924767,3,0
13,2021-2026,True,True,2,knn,3,27330446,Anti-social behaviour,0.0,0.05892401751594071,0.6037574779030817,0.12338883112881914,3,0
13,2021-2026,True,True,2,knn,3,27330446,Bicycle theft,0.030303030303030304,0.3030419559632291,0.41418825963827,0.4393290719984306,10,0
13,2021-2026,True,True,2,knn,3,27330446,Burglary,0.0,0.044008221651907965,0.6040275201101745,0.16540200997481533,3,0
13,2021-2026,True,True,2,knn,3,27330446,Criminal damage and arson,0.0,0.0658386411949722,0.5701670492177515,0.11975058605409018,3,1
13,2021-2026,True,True,2,knn,3,27330446,Drugs,0.0,0.0410293519353201,0.594520538989567,0.20549282828317708,3,1
13,2021-2026,True,True,2,knn,3,27330446,Other theft,0.0,0.04942035780547192,0.6040569194198964,0.1470523903653918,3,0
13,2021-2026,True,True,2,knn,3,27330446,Possession of weapons,0.06060606060606061,0.19710281908198185,0.45234743714124914,0.34042920645453517,7,1
13,2021-2026,True,True,2,knn,3,27330446,Public order,0.0,0.06267801286621989,0.5700528815623551,0.12595024023604767,3,1
13,2021-2026,True,True,2,knn,3,27330446,Robbery,0.2272727272727273,0.3607064706579264,0.3839928179596874,0.48343966761079493,12,1
13,2021-2026,True,True,2,knn,3,27330446,Shoplifting,0.0,0.03265739363936878,0.6040473487751745,0.22201792954518731,3,0
13,2021-2026,True,True,2,knn,3,27330446,Theft from the person,0.36363636363636365,0.292664611619825,0.40826223109294935,0.48644867260554087,10,0
13,2021-2026,True,True,2,knn,3,27330446,Vehicle crime,0.0,0.047311037846202386,0.6039641111416769,0.15397575208591094,3,0
13,2021-2026,True,True,2,knn,3,27330446,Violence and sexual offences,0.0,0.0793191664072155,0.5940719361488584,0.1054191771244439,3,1
14,2021-2026,True,True,3,knn,3,27330446,Anti-social behaviour,0.0,0.0784977301290415,0.6556463615797408,0.09016952173907712,3,0
14,2021-2026,True,True,3,knn,3,27330446,Bicycle theft,0.045454545454545456,0.312374926881003,0.4556636554342205,0.44469704602723253,10,0
14,2021-2026,True,True,3,knn,3,27330446,Burglary,0.0,0.04760447125592366,0.6561740637782503,0.14865806439054105,3,0
14,2021-2026,True,True,3,knn,3,27330446,Criminal damage and arson,0.0,0.07993407095353461,0.6154894483191975,0.09563982596746211,3,1
14,2021-2026,True,True,3,knn,3,27330446,Drugs,0.0,0.08100231802224303,0.5958275499056946,0.2128202452773277,4,1
14,2021-2026,True,True,3,knn,3,27330446,Other theft,0.0,0.056428013249106505,0.6560878216588714,0.1254027929421694,3,0
14,2021-2026,True,True,3,knn,3,27330446,Possession of weapons,0.07575757575757576,0.1935573008260338,0.4868432302569411,0.37778639231804045,7,1
14,2021-2026,True,True,3,knn,3,27330446,Public order,0.0,0.0737811395768013,0.6150907277051474,0.10385261053210729,3,1
14,2021-2026,True,True,3,knn,3,27330446,Robbery,0.36363636363636365,0.40675610669450835,0.41466929534356134,0.49531473726976805,12,0
14,2021-2026,True,True,3,knn,3,27330446,Shoplifting,0.0,0.03813404064577279,0.6550911554851773,0.18547143884694706,3,0
14,2021-2026,True,True,3,knn,3,27330446,Theft from the person,0.19696969696969696,0.24354329143845832,0.45346592290733423,0.49915723201063994,9,0
14,2021-2026,True,True,3,knn,3,27330446,Vehicle crime,0.0,0.05575856344987754,0.6560204264012435,0.1269364951489701,3,0
14,2021-2026,True,True,3,knn,3,27330446,Violence and sexual offences,0.0,0.1222825230478985,0.6577849279730039,0.057744249221492704,3,1
15,2021-2026,True,True,5,knn,3,27330446,Anti-social behaviour,0.0,0.09703914906626275,0.6783398190516756,0.05543889767180715,3,0
15,2021-2026,True,True,5,knn,3,27330446,Bicycle theft,0.0,0.13475756723317603,0.5755700921378384,0.41388397412045036,6,1
15,2021-2026,True,True,5,knn,3,27330446,Burglary,0.0,0.03950030953706727,0.6775711029766813,0.13730430984295966,3,0
15,2021-2026,True,True,5,knn,3,27330446,Criminal damage and arson,0.0,0.09125157794587715,0.6839132362874221,0.07144021936034771,3,1
15,2021-2026,True,True,5,knn,3,27330446,Drugs,0.0,0.056340070307077376,0.6421935329876518,0.2177785334487779,4,0
15,2021-2026,True,True,5,knn,3,27330446,Other theft,0.0,0.051846641127132886,0.6786223459414228,0.10353929590843759,3,0
15,2021-2026,True,True,5,knn,3,27330446,Possession of weapons,0.4696969696969697,0.3842764907118549,0.4659991854416628,0.48198938777265155,12,0
15,2021-2026,True,True,5,knn,3,27330446,Public order,0.0,0.08055154641947143,0.6835884476725133,0.08050968826432851,3,1
15,2021-2026,True,True,5,knn,3,27330446,Robbery,0.16666666666666669,0.4022316134807019,0.4751431000855786,0.5053128575801888,12,0
15,2021-2026,True,True,5,knn,3,27330446,Shoplifting,0.0,0.05098735158083007,0.6837796617444334,0.12652860822931103,3,1
15,2021-2026,True,True,5,knn,3,27330446,Theft from the person,0.045454545454545456,0.19724740680366537,0.5330156007103837,0.47279964506439587,8,0
15,2021-2026,True,True,5,knn,3,27330446,Vehicle crime,0.0,0.057633797965772775,0.6788821122864706,0.09385189078177522,3,0
15,2021-2026,True,True,5,knn,3,27330446,Violence and sexual offences,0.0,0.13860161168184135,0.6822371445521191,0.032073296940994436,3,0
16,2021-2026,True,False,2,knn,3,23884826,Bicycle theft,0.03636363636363636,0.2921500561105907,0.43321721416785264,0.43927484421464286,9,0
16,2021-2026,True,False,2,knn,3,23884826,Burglary,0.0,0.05479706484550103,0.6220708764827185,0.1682530452097732,3,0
16,2021-2026,True,False,2,knn,3,23884826,Criminal damage and arson,0.0,0.07370508812921331,0.5791077003419455,0.12245127260180544,3,1
16,2021-2026,True,False,2,knn,3,23884826,Drugs,0.0,0.04606887600706939,0.604536999678402,0.21016751857144178,3,1
16,2021-2026,True,False,2,knn,3,23884826,Other theft,0.0,0.06152283904177193,0.6221227951926944,0.14958488113609872,3,0
16,2021-2026,True,False,2,knn,3,23884826,Possession of weapons,0.07272727272727272,0.21667636888586972,0.4621900767793745,0.3476621138153808,7,1
16,2021-2026,True,False,2,knn,3,23884826,Public order,0.0,0.07015070176711252,0.5790153574417565,0.1287859023912843,3,1
16,2021-2026,True,False,2,knn,3,23884826,Robbery,0.21818181818181817,0.35564095649365046,0.4002370905246989,0.48477883836429925,11,1
16,2021-2026,True,False,2,knn,3,23884826,Shoplifting,0.0,0.04065808225275269,0.6221327904430464,0.22583652914193245,3,0
16,2021-2026,True,False,2,knn,3,23884826,Theft from the person,0.32727272727272727,0.281022712926506,0.4260811138667368,0.4873987201169784,9,0
16,2021-2026,True,False,2,knn,3,23884826,Vehicle crime,0.0,0.05891644766048746,0.6219936894897045,0.1566307899522723,3,0
16,2021-2026,True,False,2,knn,3,23884826,Violence and sexual offences,0.0,0.08918865582804268,0.6039021854324098,0.10784273984968812,3,1
17,2021-2026,True,False,3,knn,3,23884826,Bicycle theft,0.03636363636363636,0.3029163562135744,0.47440422680535593,0.4448048538205973,9,0
17,2021-2026,True,False,3,knn,3,23884826,Burglary,0.0,0.06167841066720076,0.6725092781096168,0.15005281256940348,3,0
17,2021-2026,True,False,3,knn,3,23884826,Criminal damage and arson,0.0,0.0894896042598208,0.6235177505244954,0.09681403722020654,3,1
17,2021-2026,True,False,3,knn,3,23884826,Drugs,0.0,0.09165074894217543,0.6039177377663657,0.21548568660252554,4,1
17,2021-2026,True,False,3,knn,3,23884826,Other theft,0.0,0.07306302020958087,0.6724533036394164,0.1265776534144424,3,0
17,2021-2026,True,False,3,knn,3,23884826,Possession of weapons,0.09090909090909091,0.21363066565250727,0.4964229370720899,0.381924294383014,7,1
17,2021-2026,True,False,3,knn,3,23884826,Public order,0.0,0.08254592249103909,0.62316167886246,0.1051231507885337,3,1
17,2021-2026,True,False,3,knn,3,23884826,Robbery,0.34545454545454546,0.39740285342683523,0.4301815072028145,0.4961726810014551,11,0
17,2021-2026,True,False,3,knn,3,23884826,Shoplifting,0.0,0.0493662713565782,0.6714248065800386,0.18720657252939849,3,0
17,2021-2026,True,False,3,knn,3,23884826,Theft from the person,0.18181818181818182,0.22723075103533472,0.47130128363942386,0.49979879037605535,8,0
17,2021-2026,True,False,3,knn,3,23884826,Vehicle crime,0.0,0.0722659028125325,0.6723350991081909,0.12812796293273734,3,0
17,2021-2026,True,False,3,knn,3,23884826,Violence and sexual offences,0.0,0.13346301726837395,0.660555153636336,0.05863083481918616,3,1
18,2021-2026,True,False,5,knn,3,23884826,Bicycle theft,0.0,0.1501534744074447,0.5840185635230912,0.41548422347158875,6,1
18,2021-2026,True,False,5,knn,3,23884826,Burglary,0.0,0.05481577613350255,0.6886107484087267,0.13780985768059728,3,0
18,2021-2026,True,False,5,knn,3,23884826,Criminal damage and arson,0.0,0.1014454433960026,0.6900955456965693,0.07177312969745187,3,1
18,2021-2026,True,False,5,knn,3,23884826,Drugs,0.0,0.07121972754370605,0.6522524478033688,0.21858412834742202,4,0
18,2021-2026,True,False,5,knn,3,23884826,Other theft,0.0,0.07190544555984676,0.6897451068557352,0.10392001995697354,3,0
18,2021-2026,True,False,5,knn,3,23884826,Possession of weapons,0.4909090909090909,0.3803277401042268,0.4790277389171383,0.4823190267496877,11,1
18,2021-2026,True,False,5,knn,3,23884826,Public order,0.0,0.08958357702550883,0.689729840515484,0.08088633558897812,3,1
18,2021-2026,True,False,5,knn,3,23884826,Robbery,0.14545454545454545,0.39716186797125463,0.4881545165297519,0.5056485696121908,11,0
18,2021-2026,True,False,5,knn,3,23884826,Shoplifting,0.0,0.05672572298230627,0.6898778385790816,0.1271229819472109,3,1
18,2021-2026,True,False,5,knn,3,23884826,Theft from the person,0.01818181818181818,0.17335642420428754,0.5500911899166462,0.4729966600703181,7,0
18,2021-2026,True,False,5,knn,3,23884826,Vehicle crime,0.0,0.07995871994566492,0.6899741530329442,0.09419729304965951,3,0
18,2021-2026,True,False,5,knn,3,23884826,Violence and sexual offences,0.0,0.16183043598070085,0.6871592022993015,0.03221160531692512,3,0
19,2021-2026,False,True,2,knn,3,21951021,Anti-social behaviour,0.0,0.06594282594649514,0.6178632597451204,0.12064926999647307,3,0
19,2021-2026,False,True,2,knn,3,21951021,Bicycle theft,0.07575757575757576,0.3104122089917843,0.42085598297253146,0.4444351956992992,10,0
19,2021-2026,False,True,2,knn,3,21951021,Burglary,0.0,0.047910146217460044,0.6182354494601111,0.16602852688184885,3,0
19,2021-2026,False,True,2,knn,3,21951021,Criminal damage and arson,0.0,0.07099903660732276,0.575631729594015,0.11693632647418678,3,1
19,2021-2026,False,True,2,knn,3,21951021,Drugs,0.0,0.08553308943139933,0.5498833617743102,0.21351783428610493,4,1
19,2021-2026,False,True,2,knn,3,21951021,Other theft,0.0,0.054411366951823234,0.6182430998130795,0.1461928614638379,3,0
19,2021-2026,False,True,2,knn,3,21951021,Possession of weapons,0.06060606060606061,0.20370431229737992,0.44627309735892373,0.33942192685825223,7,1
19,2021-2026,False,True,2,knn,3,21951021,Public order,0.0,0.06658659331875763,0.5754221183926878,0.1249804060036889,3,1
19,2021-2026,False,True,2,knn,3,21951021,Robbery,0.30303030303030304,0.39943015297788187,0.37972017604185926,0.486848960994832,12,0
19,2021-2026,False,True,2,knn,3,21951021,Shoplifting,0.0,0.03642911912796526,0.6176270445763686,0.2182996848469819,3,0
19,2021-2026,False,True,2,knn,3,21951021,Theft from the person,0.24242424242424243,0.24908242367197886,0.4233051485594161,0.4851320759080162,9,0
19,2021-2026,False,True,2,knn,3,21951021,Vehicle crime,0.0,0.05249542952640383,0.6182071204657765,0.1515114630029997,3,0
19,2021-2026,False,True,2,knn,3,21951021,Violence and sexual offences,0.0,0.10051960337581664,0.6313839934901071,0.07685344458650269,3,1
20,2021-2026,False,True,3,knn,3,21951021,Anti-social behaviour,0.0,0.08494580482338533,0.671892632896135,0.08771301167805681,3,0
20,2021-2026,False,True,3,knn,3,21951021,Bicycle theft,0.07575757575757576,0.317167208590744,0.45016747449987804,0.4486456584374537,10,1
20,2021-2026,False,True,3,knn,3,21951021,Burglary,0.0,0.050050240572428024,0.6722652668447668,0.14900999669801668,3,0
20,2021-2026,False,True,3,knn,3,21951021,Criminal damage and arson,0.0,0.07531869763367319,0.6098426041331976,0.09557549280430179,3,1
20,2021-2026,False,True,3,knn,3,21951021,Drugs,0.0,0.07956053402877418,0.5966961906172807,0.21689884218882505,4,0
20,2021-2026,False,True,3,knn,3,21951021,Other theft,0.0,0.05969887774487094,0.6723069039189148,0.12471468042984107,3,0
20,2021-2026,False,True,3,knn,3,21951021,Possession of weapons,0.09090909090909091,0.23525163616935438,0.47136957455339545,0.40075712909333294,8,1
20,2021-2026,False,True,3,knn,3,21951021,Public order,0.0,0.06825974734508264,0.6093428287485545,0.10586734913202091,3,1
20,2021-2026,False,True,3,knn,3,21951021,Robbery,0.36363636363636365,0.4026206509529177,0.4139143658070506,0.49758817321669124,12,0
20,2021-2026,False,True,3,knn,3,21951021,Shoplifting,0.0,0.04411684920539247,0.6086097042059171,0.16585779310965557,3,1
20,2021-2026,False,True,3,knn,3,21951021,Theft from the person,0.15151515151515152,0.20751338876899234,0.4690462900635847,0.4822135311964203,8,0
20,2021-2026,False,True,3,knn,3,21951021,Vehicle crime,0.0,0.061227639437692556,0.6724682584542577,0.12190452344663658,3,0
20,2021-2026,False,True,3,knn,3,21951021,Violence and sexual offences,0.0,0.13106133809721465,0.6516217208803115,0.05271067493323364,3,0
21,2021-2026,False,True,5,knn,3,21951021,Anti-social behaviour,0.0,0.09896797087087915,0.6791397067161017,0.05533404217044276,3,0
21,2021-2026,False,True,5,knn,3,21951021,Bicycle theft,0.0,0.18740742500481372,0.5505520917903097,0.42636230420007615,7,1
21,2021-2026,False,True,5,knn,3,21951021,Burglary,0.0,0.039489073809042825,0.6781056693583006,0.14099407580688578,3,0
21,2021-2026,False,True,5,knn,3,21951021,Criminal damage and arson,0.0,0.08612299582604838,0.6945942461464112,0.07209600052248177,3,1
21,2021-2026,False,True,5,knn,3,21951021,Drugs,0.0,0.056032747129009436,0.6487809488621236,0.22179178677897063,4,0
21,2021-2026,False,True,5,knn,3,21951021,Other theft,0.0,0.07724763880091005,0.7030887813407173,0.10029034595161507,3,0
21,2021-2026,False,True,5,knn,3,21951021,Possession of weapons,0.4696969696969697,0.3442710736785102,0.4712296653717475,0.4868905336069707,11,1
21,2021-2026,False,True,5,knn,3,21951021,Public order,0.0,0.07367021084258857,0.6935676363637098,0.08379377968148598,3,1
21,2021-2026,False,True,5,knn,3,21951021,Robbery,0.24242424242424243,0.3983535662098124,0.4726897506584376,0.5029098005572694,12,0
21,2021-2026,False,True,5,knn,3,21951021,Shoplifting,0.0,0.052367262068956776,0.6932796319130404,0.11743496868498601,3,1
21,2021-2026,False,True,5,knn,3,21951021,Theft from the person,0.015151515151515152,0.2099669790767752,0.5354428377428334,0.45948355074561126,8,0
21,2021-2026,False,True,5,knn,3,21951021,Vehicle crime,0.0,0.06139420587548227,0.679091163666971,0.09031499595907666,3,0
21,2021-2026,False,True,5,knn,3,21951021,Violence and sexual offences,0.0,0.15881148914868035,0.6954151620710975,0.027412697053260965,3,0
22,2021-2026,False,False,2,knn,3,19386044,Bicycle theft,0.05454545454545454,0.30085973596753884,0.4403039235774611,0.44451683320205077,9,0
22,2021-2026,False,False,2,knn,3,19386044,Burglary,0.0,0.06016013108973393,0.6371057446912624,0.16877194385493577,3,0
22,2021-2026,False,False,2,knn,3,19386044,Criminal damage and arson,0.0,0.07907181954705138,0.5844747367767068,0.11947593773030124,3,1
22,2021-2026,False,False,2,knn,3,19386044,Drugs,0.0,0.09560329624306954,0.5586546910199466,0.21826920381214643,4,1
22,2021-2026,False,False,2,knn,3,19386044,Other theft,0.0,0.06829700452339361,0.6371368740045623,0.14860613878775752,3,0
22,2021-2026,False,False,2,knn,3,19386044,Possession of weapons,0.07272727272727272,0.22392176878953027,0.45624451111321784,0.3463376601151499,7,1
22,2021-2026,False,False,2,knn,3,19386044,Public order,0.0,0.07412041499662414,0.5843072272037155,0.12768610109369735,3,1
22,2021-2026,False,False,2,knn,3,19386044,Robbery,0.3090909090909091,0.39186635308958184,0.3957175611975784,0.48822493710019826,11,0
22,2021-2026,False,False,2,knn,3,19386044,Shoplifting,0.0,0.04571409924379503,0.6364925753159086,0.22189924905470076,3,0
22,2021-2026,False,False,2,knn,3,19386044,Theft from the person,0.21818181818181817,0.23359316467106533,0.44240810310253764,0.4859075452894112,8,0
22,2021-2026,False,False,2,knn,3,19386044,Vehicle crime,0.0,0.06593618230966906,0.6370572183327357,0.15401654747324312,3,0
22,2021-2026,False,False,2,knn,3,19386044,Violence and sexual offences,0.0,0.10964136821401672,0.6344819729878142,0.0789776286291165,3,1
23,2021-2026,False,False,3,knn,3,19386044,Bicycle theft,0.07272727272727272,0.30549393127694446,0.4693904325144691,0.44876099811481046,9,1
23,2021-2026,False,False,3,knn,3,19386044,Burglary,0.0,0.06545673692990016,0.6897683066546039,0.15028665661318222,3,0
23,2021-2026,False,False,3,knn,3,19386044,Criminal damage and arson,0.0,0.0844960887028253,0.6178210713286809,0.09670118822933463,3,1
23,2021-2026,False,False,3,knn,3,19386044,Drugs,0.0,0.09052337121243645,0.6056375029611596,0.21944722264274297,4,0
23,2021-2026,False,False,3,knn,3,19386044,Other theft,0.0,0.07801050216412572,0.689847154023083,0.12578154117023813,3,0
23,2021-2026,False,False,3,knn,3,19386044,Possession of weapons,0.10909090909090909,0.2574123882460817,0.48054859676348866,0.4049916406168938,8,1
23,2021-2026,False,False,3,knn,3,19386044,Public order,0.0,0.07635506417201454,0.6173937762833517,0.107106517938267,3,1
23,2021-2026,False,False,3,knn,3,19386044,Robbery,0.36363636363636365,0.3905120335524109,0.4300417344391164,0.49834527620015595,11,0
23,2021-2026,False,False,3,knn,3,19386044,Shoplifting,0.0,0.04898290052103068,0.6168921859347937,0.1677595783460588,3,1
23,2021-2026,False,False,3,knn,3,19386044,Theft from the person,0.10909090909090909,0.18512555423204272,0.48914634501591686,0.48243148721544765,7,0
23,2021-2026,False,False,3,knn,3,19386044,Vehicle crime,0.0,0.08012000951885817,0.6899532162001355,0.12294984488937732,3,0
23,2021-2026,False,False,3,knn,3,19386044,Violence and sexual offences,0.0,0.1424992336971492,0.6543684344669364,0.053480446686430705,3,0
24,2021-2026,False,False,5,knn,3,19386044,Bicycle theft,0.0,0.20949479615081776,0.558587418230733,0.4280081941894261,7,1
24,2021-2026,False,False,5,knn,3,19386044,Burglary,0.0,0.05510806385614376,0.6894498278486385,0.1415044133517244,3,0
24,2021-2026,False,False,5,knn,3,19386044,Criminal damage and arson,0.0,0.095771412264464,0.7012974347099552,0.0724317923616404,3,1
24,2021-2026,False,False,5,knn,3,19386044,Drugs,0.0,0.07180944341955399,0.6592241283870139,0.22259884061474206,4,0
24,2021-2026,False,False,5,knn,3,19386044,Other theft,0.0,0.09386670290604977,0.7113116335182941,0.10074654348396501,3,0
24,2021-2026,False,False,5,knn,3,19386044,Possession of weapons,0.4727272727272727,0.3318408697961476,0.4851143941958791,0.48724316010896535,10,1
24,2021-2026,False,False,5,knn,3,19386044,Public order,0.0,0.08200729535220307,0.7002069452146495,0.08418603187164575,3,1
24,2021-2026,False,False,5,knn,3,19386044,Robbery,0.23636363636363636,0.3925882751090714,0.4862935280696964,0.5032164751778995,11,0
24,2021-2026,False,False,5,knn,3,19386044,Shoplifting,0.0,0.05832252351759416,0.6998769982084252,0.11798649339787667,3,1
24,2021-2026,False,False,5,knn,3,19386044,Theft from the person,0.0,0.1853216007850995,0.5538689298887283,0.4595915728854474,7,0
24,2021-2026,False,False,5,knn,3,19386044,Vehicle crime,0.0,0.08565008818959663,0.6905063830661488,0.09064139225927369,3,0
24,2021-2026,False,False,5,knn,3,19386044,Violence and sexual offences,0.0,0.18575264311008338,0.7006500390024702,0.027530308550706817,3,0
25,2017-2026,True,True,2,knn,3,49238464,Anti-social behaviour,0.0,0.06799440307260701,0.5768540177749762,0.13552288891580133,3,0
25,2017-2026,True,True,2,knn,3,49238464,Bicycle theft,0.0,0.2767279537181745,0.41116725863499115,0.4165131153894584,9,1
25,2017-2026,True,True,2,knn,3,49238464,Burglary,0.0,0.05534023821658101,0.5809784235229516,0.15749394142313952,3,1
25,2017-2026,True,True,2,knn,3,49238464,Criminal damage and arson,0.0,0.06506862917345191,0.5694624368036078,0.13896408217412837,3,0
25,2017-2026,True,True,2,knn,3,49238464,Drugs,0.0,0.08636248938986876,0.5297998801282532,0.22222306199646655,4,0
25,2017-2026,True,True,2,knn,3,49238464,Other theft,0.0,0.05648118520703454,0.5809567602257758,0.15435225356715881,3,1
25,2017-2026,True,True,2,knn,3,49238464,Possession of weapons,0.07575757575757576,0.24778775495096542,0.40550979255094055,0.369630171643381,8,0
25,2017-2026,True,True,2,knn,3,49238464,Public order,0.0,0.061802703527436095,0.5694432000495921,0.14640890527032696,3,0
25,2017-2026,True,True,2,knn,3,49238464,Robbery,0.015151515151515152,0.26988661479531073,0.40413842756487084,0.441086465669842,9,1
25,2017-2026,True,True,2,knn,3,49238464,Shoplifting,0.0,0.03830331065411033,0.5813570245314099,0.22857307971479365,3,1
25,2017-2026,True,True,2,knn,3,49238464,Theft from the person,0.5909090909090909,0.37868361897267655,0.3486474347975548,0.4990867549221555,12,0
25,2017-2026,True,True,2,knn,3,49238464,Vehicle crime,0.0,0.055392622190792266,0.5809869399162797,0.15730326345511042,3,1
25,2017-2026,True,True,2,knn,3,49238464,Violence and sexual offences,0.0,0.07935843167428731,0.6185649518088558,0.11013830475043339,3,0
26,2017-2026,True,True,3,knn,3,49238464,Anti-social behaviour,0.0,0.07186402506284627,0.6148032286228213,0.10774360903248821,3,0
26,2017-2026,True,True,3,knn,3,49238464,Bicycle theft,0.015151515151515152,0.23643516018123517,0.453303674203092,0.41353934570312284,8,1
26,2017-2026,True,True,3,knn,3,49238464,Burglary,0.0,0.05800154366487296,0.6152300966172274,0.1335577471893675,3,0
26,2017-2026,True,True,3,knn,3,49238464,Criminal damage and arson,0.0,0.08025885179455496,0.5909671028986676,0.10951720309877855,3,1
26,2017-2026,True,True,3,knn,3,49238464,Drugs,0.0,0.0752819970375669,0.5621039385834354,0.22677818260405386,4,0
26,2017-2026,True,True,3,knn,3,49238464,Other theft,0.0,0.06928080536634415,0.6449531587172632,0.12779890736688398,3,1
26,2017-2026,True,True,3,knn,3,49238464,Possession of weapons,0.12121212121212122,0.3187850438431982,0.4125976965148458,0.431571554040841,10,0
26,2017-2026,True,True,3,knn,3,49238464,Public order,0.0,0.068629542598578,0.6072607777184571,0.12555028539152555,3,0
26,2017-2026,True,True,3,knn,3,49238464,Robbery,0.07575757575757576,0.2676190155143447,0.43234616022034644,0.44481732803342444,9,1
26,2017-2026,True,True,3,knn,3,49238464,Shoplifting,0.0,0.04283302413516466,0.608031782910631,0.20202925778978886,3,0
26,2017-2026,True,True,3,knn,3,49238464,Theft from the person,0.4696969696969697,0.34305836211892726,0.3890715149896243,0.5048912016969904,11,0
26,2017-2026,True,True,3,knn,3,49238464,Vehicle crime,0.0,0.06848625160399345,0.6449357994736338,0.12938889734890177,3,1
26,2017-2026,True,True,3,knn,3,49238464,Violence and sexual offences,0.0,0.09264463705210092,0.6322778858474228,0.08620998074839278,3,0
27,2017-2026,True,True,5,knn,3,49238464,Anti-social behaviour,0.0,0.08139815410469643,0.6731513604510346,0.06879705730776221,3,0
27,2017-2026,True,True,5,knn,3,49238464,Bicycle theft,0.0,0.14366868198863486,0.5588711905662852,0.4023701382444178,6,1
27,2017-2026,True,True,5,knn,3,49238464,Burglary,0.0,0.051595704786790916,0.6731627869216068,0.1085752495498607,3,0
27,2017-2026,True,True,5,knn,3,49238464,Criminal damage and arson,0.0,0.09363418248782124,0.6507046041349318,0.07724122104675542,3,1
27,2017-2026,True,True,5,knn,3,49238464,Drugs,0.0,0.059023763401083805,0.6248063449588195,0.2271280416477111,4,0
27,2017-2026,True,True,5,knn,3,49238464,Other theft,0.0,0.05455590232333415,0.6733271794465152,0.10243625556427197,3,0
27,2017-2026,True,True,5,knn,3,49238464,Possession of weapons,0.5,0.3784485668068097,0.44768516612918724,0.48474697020164775,12,0
27,2017-2026,True,True,5,knn,3,49238464,Public order,0.0,0.07987420264071372,0.6507256007162819,0.09062453666947817,3,1
27,2017-2026,True,True,5,knn,3,49238464,Robbery,0.09090909090909091,0.3606072213444718,0.4782959482528783,0.47108202436888924,11,0
27,2017-2026,True,True,5,knn,3,49238464,Shoplifting,0.0,0.057771598236657715,0.6887690688165434,0.15568826367556254,3,1
27,2017-2026,True,True,5,knn,3,49238464,Theft from the person,0.09090909090909091,0.24552653326902918,0.48714082516421126,0.5018399128930751,9,0
27,2017-2026,True,True,5,knn,3,49238464,Vehicle crime,0.0,0.05632824834827195,0.6735269299059866,0.09938027434165521,3,0
27,2017-2026,True,True,5,knn,3,49238464,Violence and sexual offences,0.0,0.11166625293212087,0.6608120301899842,0.04960679346430586,3,0
28,2017-2026,True,False,2,knn,3,42008608,Bicycle theft,0.0,0.3022550920119221,0.4213323932225423,0.4272150225171565,9,0
28,2017-2026,True,False,2,knn,3,42008608,Burglary,0.0,0.062220180460287336,0.5935076268831547,0.16176593369706083,3,0
28,2017-2026,True,False,2,knn,3,42008608,Criminal damage and arson,0.0,0.07428774584015665,0.5833860199722962,0.14252381203492834,3,1
28,2017-2026,True,False,2,knn,3,42008608,Drugs,0.0,0.10071819655344989,0.5475679546456168,0.22617969586173942,4,1
28,2017-2026,True,False,2,knn,3,42008608,Other theft,0.0,0.06351275026546917,0.593442712338191,0.1585485317296571,3,0
28,2017-2026,True,False,2,knn,3,42008608,Possession of weapons,0.05454545454545454,0.22332031701444163,0.43344128411020705,0.36621888946039255,7,1
28,2017-2026,True,False,2,knn,3,42008608,Public order,0.0,0.07055199055647851,0.5833699005785283,0.15015728973625417,3,1
28,2017-2026,True,False,2,knn,3,42008608,Robbery,0.0,0.24779961383506455,0.4309837129955566,0.4402232250095942,8,0
28,2017-2026,True,False,2,knn,3,42008608,Shoplifting,0.0,0.04300287619113654,0.5937564400679259,0.23479660171641156,3,0
28,2017-2026,True,False,2,knn,3,42008608,Theft from the person,0.6,0.3823097813178687,0.36779878370074326,0.5003829906764236,11,0
28,2017-2026,True,False,2,knn,3,42008608,Vehicle crime,0.0,0.062277422405244226,0.5935280126735331,0.1615677181993728,3,0
28,2017-2026,True,False,2,knn,3,42008608,Violence and sexual offences,0.0,0.09066341474923305,0.6311026560648506,0.11240326909694238,3,1
29,2017-2026,True,False,3,knn,3,42008608,Bicycle theft,0.01818181818181818,0.25811213299385144,0.4632945382855154,0.41995840059064043,8,1
29,2017-2026,True,False,3,knn,3,42008608,Burglary,0.0,0.0733508041828559,0.6333953102474965,0.13520401052937525,3,0
29,2017-2026,True,False,3,knn,3,42008608,Criminal damage and arson,0.0,0.0923453368660168,0.6021976924005794,0.11131943420915476,3,1
29,2017-2026,True,False,3,knn,3,42008608,Drugs,0.0,0.0884948547328964,0.577177993832156,0.22967566003466208,4,0
29,2017-2026,True,False,3,knn,3,42008608,Other theft,0.0,0.0790535564057703,0.6575805756052271,0.12999907157198998,3,0
29,2017-2026,True,False,3,knn,3,42008608,Possession of weapons,0.09090909090909091,0.3073279898340977,0.43398186561534846,0.4313764807449489,9,1
29,2017-2026,True,False,3,knn,3,42008608,Public order,0.0,0.07769842310769871,0.617473874196814,0.12772078905826717,3,1
29,2017-2026,True,False,3,knn,3,42008608,Robbery,0.07272727272727272,0.2479588687420724,0.4545448537654692,0.4445462198425673,8,0
29,2017-2026,True,False,3,knn,3,42008608,Shoplifting,0.0,0.04847818261626173,0.6182060504823748,0.20552941064997354,3,1
29,2017-2026,True,False,3,knn,3,42008608,Theft from the person,0.4727272727272727,0.3360363663463527,0.4067207855066289,0.506033927087749,10,0
29,2017-2026,True,False,3,knn,3,42008608,Vehicle crime,0.0,0.07807733220229147,0.6576469230722103,0.13160760656373988,3,0
29,2017-2026,True,False,3,knn,3,42008608,Violence and sexual offences,0.0,0.10718079387375141,0.6408067376814317,0.0875173563943152,3,0
30,2017-2026,True,False,5,knn,3,42008608,Bicycle theft,0.0,0.1605704294986978,0.5684472986740384,0.40481603000285804,6,1
30,2017-2026,True,False,5,knn,3,42008608,Burglary,0.0,0.06823496940996024,0.6864300319534717,0.10918663087116129,3,0
30,2017-2026,True,False,5,knn,3,42008608,Criminal damage and arson,0.0,0.10478329439850356,0.6579036786812604,0.07778817783359035,3,1
30,2017-2026,True,False,5,knn,3,42008608,Drugs,0.0,0.07105350832130242,0.6364688644993064,0.228420774204001,4,0
30,2017-2026,True,False,5,knn,3,42008608,Other theft,0.0,0.07213468108664639,0.6865988653561383,0.1030133505108132,3,0
30,2017-2026,True,False,5,knn,3,42008608,Possession of weapons,0.4909090909090909,0.3750889934474723,0.46230559205954286,0.48521634923786006,11,0
30,2017-2026,True,False,5,knn,3,42008608,Public order,0.0,0.08938371049216647,0.657928663119004,0.0912659792520558,3,1
30,2017-2026,True,False,5,knn,3,42008608,Robbery,0.09090909090909091,0.35359597666855397,0.49459895667788134,0.47133320918157356,10,0
30,2017-2026,True,False,5,knn,3,42008608,Shoplifting,0.0,0.06731594148221101,0.6966900370274887,0.15681109017060693,3,1
30,2017-2026,True,False,5,knn,3,42008608,Theft from the person,0.07272727272727272,0.22729789468374612,0.5037747587079203,0.5023679897609524,8,0
30,2017-2026,True,False,5,knn,3,42008608,Vehicle crime,0.0,0.07450101331919341,0.6868115513209047,0.09993964426345434,3,0
30,2017-2026,True,False,5,knn,3,42008608,Violence and sexual offences,0.0,0.1287293621652064,0.6668550026915898,0.04992829020931586,3,0
31,2017-2026,False,True,2,knn,3,38544191,Anti-social behaviour,0.0,0.059323797394814894,0.5841680507338841,0.133445193851462,3,0
31,2017-2026,False,True,2,knn,3,38544191,Bicycle theft,0.0,0.3111947773857627,0.4064448888639976,0.42836747901166583,10,0
31,2017-2026,False,True,2,knn,3,38544191,Burglary,0.0,0.05151979925103772,0.5843256894962499,0.15366775940270228,3,0
31,2017-2026,False,True,2,knn,3,38544191,Criminal damage and arson,0.0,0.06935651800944738,0.5799553706699725,0.1323328529315623,3,1
31,2017-2026,False,True,2,knn,3,38544191,Drugs,0.0,0.08849243694651585,0.5442096801850523,0.22562010975388141,4,1
31,2017-2026,False,True,2,knn,3,38544191,Other theft,0.0,0.05264427135392712,0.5842277381702202,0.15045982446883804,3,0
31,2017-2026,False,True,2,knn,3,38544191,Possession of weapons,0.045454545454545456,0.2031282254384079,0.43071455878434395,0.3599634409110922,7,1
31,2017-2026,False,True,2,knn,3,38544191,Public order,0.0,0.06437764860128932,0.5799158801779922,0.14273958301662995,3,1
31,2017-2026,False,True,2,knn,3,38544191,Robbery,0.0,0.26020648592417944,0.41600886975618734,0.44515686985954317,9,0
31,2017-2026,False,True,2,knn,3,38544191,Shoplifting,0.0,0.035188632741027105,0.5845027905201028,0.22530959302560238,3,0
31,2017-2026,False,True,2,knn,3,38544191,Theft from the person,0.6363636363636364,0.3906573141401611,0.35821272853466274,0.5014390008957295,12,0
31,2017-2026,False,True,2,knn,3,38544191,Vehicle crime,0.0,0.05170593061204467,0.5843531102063056,0.15307036041511152,3,0
31,2017-2026,False,True,2,knn,3,38544191,Violence and sexual offences,0.0,0.08885876631942738,0.6346137212232593,0.1013725826443824,3,1
32,2017-2026,False,True,3,knn,3,38544191,Anti-social behaviour,0.0,0.07059458094396576,0.6172145420303646,0.0992888884102119,3,0
32,2017-2026,False,True,3,knn,3,38544191,Bicycle theft,0.015151515151515152,0.1937800541408971,0.48018878282051897,0.4057933207799184,7,1
32,2017-2026,False,True,3,knn,3,38544191,Burglary,0.0,0.054389274003003106,0.6178927804841288,0.1287566981304253,3,0
32,2017-2026,False,True,3,knn,3,38544191,Criminal damage and arson,0.0,0.0834262122900077,0.5994852069313502,0.10290498721962033,3,1
32,2017-2026,False,True,3,knn,3,38544191,Drugs,0.0,0.06758264698110114,0.5654905095350403,0.23600359860605769,4,0
32,2017-2026,False,True,3,knn,3,38544191,Other theft,0.0,0.0777364012972814,0.6627877224542242,0.12128687036272554,3,0
32,2017-2026,False,True,3,knn,3,38544191,Possession of weapons,0.18181818181818182,0.35334001454349195,0.41043476780070576,0.4454725298308401,11,1
32,2017-2026,False,True,3,knn,3,38544191,Public order,0.0,0.07345594319208879,0.6256727586020397,0.12124085945379078,3,1
32,2017-2026,False,True,3,knn,3,38544191,Robbery,0.13636363636363635,0.32047161655799977,0.43003665847897826,0.45302217060802713,10,0
32,2017-2026,False,True,3,knn,3,38544191,Shoplifting,0.0,0.04657585745124401,0.626671954882593,0.19098138122150807,3,1
32,2017-2026,False,True,3,knn,3,38544191,Theft from the person,0.3484848484848485,0.29116393642924626,0.41484122164618253,0.5020214034773811,10,0
32,2017-2026,False,True,3,knn,3,38544191,Vehicle crime,0.0,0.05616945515712324,0.6180494565009504,0.12466775255948381,3,0
32,2017-2026,False,True,3,knn,3,38544191,Violence and sexual offences,0.0,0.09811928369472837,0.6321341997663874,0.07404009937094289,3,0
33,2017-2026,False,True,5,knn,3,38544191,Anti-social behaviour,0.0,0.09194597155374834,0.6885453641027168,0.0612903002420223,3,0
33,2017-2026,False,True,5,knn,3,38544191,Bicycle theft,0.0,0.19215004630510818,0.5482690391163663,0.4091561735208112,7,1
33,2017-2026,False,True,5,knn,3,38544191,Burglary,0.0,0.05436457889974488,0.6884055119101242,0.10385277251878423,3,0
33,2017-2026,False,True,5,knn,3,38544191,Criminal damage and arson,0.0,0.09232528342318606,0.665088866728039,0.07202935264692467,3,1
33,2017-2026,False,True,5,knn,3,38544191,Drugs,0.0,0.055991319267308055,0.6463562581989117,0.23867004349455187,4,0
33,2017-2026,False,True,5,knn,3,38544191,Other theft,0.0,0.07878441374575468,0.6892761278322618,0.09431619912653409,3,1
33,2017-2026,False,True,5,knn,3,38544191,Possession of weapons,0.5909090909090909,0.3765859837852174,0.4503583215093067,0.4976169512874956,12,1
33,2017-2026,False,True,5,knn,3,38544191,Public order,0.0,0.07452016627011616,0.6651883102215792,0.08921228243613126,3,1
33,2017-2026,False,True,5,knn,3,38544191,Robbery,0.06060606060606061,0.32667621815858816,0.5041978103311937,0.4660431150355716,10,0
33,2017-2026,False,True,5,knn,3,38544191,Shoplifting,0.0,0.05312018111745735,0.689347168388779,0.1418625920946066,3,1
33,2017-2026,False,True,5,knn,3,38544191,Theft from the person,0.030303030303030304,0.2547139855852084,0.4996285185214538,0.49389120867059516,9,0
33,2017-2026,False,True,5,knn,3,38544191,Vehicle crime,0.0,0.061323680732945605,0.6890902650937651,0.09183221082715291,3,0
33,2017-2026,False,True,5,knn,3,38544191,Violence and sexual offences,0.0,0.13123451779761322,0.6829046361063529,0.04168742115578954,3,0
34,2017-2026,False,False,2,knn,3,33238757,Bicycle theft,0.0,0.30245452901662623,0.4270839621818675,0.4277380945514664,9,0
34,2017-2026,False,False,2,knn,3,33238757,Burglary,0.0,0.06357005664678261,0.6034186441327607,0.15659348661648217,3,0
34,2017-2026,False,False,2,knn,3,33238757,Criminal damage and arson,0.0,0.07678497602818278,0.590567006032359,0.13581224416934345,3,1
34,2017-2026,False,False,2,knn,3,33238757,Drugs,0.0,0.0982238450994432,0.553716246366627,0.23183292116897472,4,1
34,2017-2026,False,False,2,knn,3,33238757,Other theft,0.0,0.06495491871650462,0.6033082224978398,0.15332451988862378,3,0
34,2017-2026,False,False,2,knn,3,33238757,Possession of weapons,0.05454545454545454,0.2224494455112798,0.4409861624487146,0.3689236817429017,7,1
34,2017-2026,False,False,2,knn,3,33238757,Public order,0.0,0.0712712859784782,0.5905302657252718,0.1464910414745076,3,1
34,2017-2026,False,False,2,knn,3,33238757,Robbery,0.0,0.24603671375337835,0.4376238538509952,0.4450394112461987,8,0
34,2017-2026,False,False,2,knn,3,33238757,Shoplifting,0.0,0.043442056707888727,0.60351772000177,0.22960850173114508,3,0
34,2017-2026,False,False,2,knn,3,33238757,Theft from the person,0.6,0.38345601174013316,0.37390470736475623,0.5031435550299423,11,0
34,2017-2026,False,False,2,knn,3,33238757,Vehicle crime,0.0,0.06379784598102677,0.6034503965954504,0.15598445219278373,3,0
34,2017-2026,False,False,2,knn,3,33238757,Violence and sexual offences,0.0,0.09680576680114696,0.6380488710737007,0.104831717094515,3,1
35,2017-2026,False,False,3,knn,3,33238757,Bicycle theft,0.01818181818181818,0.21316464864765117,0.49017077352988037,0.4110438811718327,7,1
35,2017-2026,False,False,3,knn,3,33238757,Burglary,0.0,0.06904964924157911,0.6341103823784636,0.13016132899449828,3,0
35,2017-2026,False,False,3,knn,3,33238757,Criminal damage and arson,0.0,0.09419982072412504,0.6089956909978554,0.10437027624420198,3,0
35,2017-2026,False,False,3,knn,3,33238757,Drugs,0.0,0.07931780517050858,0.5792082034054729,0.2386406069678031,4,0
35,2017-2026,False,False,3,knn,3,33238757,Other theft,0.0,0.0893156142256121,0.6745652003274569,0.12306205123483799,3,1
35,2017-2026,False,False,3,knn,3,33238757,Possession of weapons,0.16363636363636364,0.3483777080821025,0.42884820997131684,0.44570293613125656,10,0
35,2017-2026,False,False,3,knn,3,33238757,Public order,0.0,0.0833134330344258,0.6351649043150804,0.12303330991793694,3,1
35,2017-2026,False,False,3,knn,3,33238757,Robbery,0.14545454545454545,0.30960996730087176,0.4491105567685714,0.4530430977576662,9,0
35,2017-2026,False,False,3,knn,3,33238757,Shoplifting,0.0,0.05288493137141172,0.6361230756521783,0.19381712884576127,3,1
35,2017-2026,False,False,3,knn,3,33238757,Theft from the person,0.32727272727272727,0.2765236653366827,0.4326201075199112,0.5030000809131157,9,1
35,2017-2026,False,False,3,knn,3,33238757,Vehicle crime,0.0,0.07131348481780835,0.6342784703321925,0.12602730112606456,3,0
35,2017-2026,False,False,3,knn,3,33238757,Violence and sexual offences,0.0,0.11302138083205412,0.640452177199288,0.07497200384957371,3,0
36,2017-2026,False,False,5,knn,3,33238757,Bicycle theft,0.0,0.21474654007269633,0.556812221970171,0.41113443595850174,7,1
36,2017-2026,False,False,5,knn,3,33238757,Burglary,0.0,0.07393055037631861,0.7012087748196569,0.10431446133247543,3,0
36,2017-2026,False,False,5,knn,3,33238757,Criminal damage and arson,0.0,0.10440123294631123,0.6722675443018377,0.07243515241505274,3,1
36,2017-2026,False,False,5,knn,3,33238757,Drugs,0.0,0.06887827219841466,0.6578004800031896,0.2397412102846222,4,0
36,2017-2026,False,False,5,knn,3,33238757,Other theft,0.0,0.09234006029321229,0.6965823574013872,0.09485954811789274,3,1
36,2017-2026,False,False,5,knn,3,33238757,Possession of weapons,0.5636363636363636,0.37400353068181885,0.4642249033084219,0.49806154388524354,11,1
36,2017-2026,False,False,5,knn,3,33238757,Public order,0.0,0.08427465615149558,0.6723562863028273,0.08971529060579062,3,1
36,2017-2026,False,False,5,knn,3,33238757,Robbery,0.05454545454545454,0.3123338474246891,0.5213485160302975,0.4661969592961594,9,0
36,2017-2026,False,False,5,knn,3,33238757,Shoplifting,0.0,0.06222381659164365,0.6966042953747246,0.1426791610121656,3,1
36,2017-2026,False,False,5,knn,3,33238757,Theft from the person,0.03636363636363636,0.23373957314461996,0.5162646261189101,0.4942577837214636,8,0
36,2017-2026,False,False,5,knn,3,33238757,Vehicle crime,0.0,0.08339512062664912,0.7019317408769449,0.0922400402596459,3,0
36,2017-2026,False,False,5,knn,3,33238757,Violence and sexual offences,0.0,0.15261355609216923,0.689024083252568,0.04190311607068769,3,0
